[
null,
{"id":1,"animationId":41,"consumable":true,"damage":{"critical":false,"elementId":0,"formula":"0","type":0,"variance":20},"description":"恢复500点HP","effects":[{"code":11,"dataId":0,"value1":0,"value2":500}],"hitType":0,"iconIndex":176,"itypeId":1,"name":"药水","note":"","occasion":0,"price":30,"repeats":1,"scope":11,"speed":0,"successRate":100,"tpGain":0},
{"id":2,"animationId":41,"consumable":true,"damage":{"critical":false,"elementId":0,"formula":"0","type":0,"variance":20},"description":"恢复200点MP","effects":[{"code":12,"dataId":0,"value1":0,"value2":200}],"hitType":0,"iconIndex":176,"itypeId":1,"name":"魔法水","note":"","occasion":0,"price":50,"repeats":1,"scope":11,"speed":0,"successRate":100,"tpGain":0},
{"id":3,"animationId":45,"consumable":true,"damage":{"critical":false,"elementId":0,"formula":"0","type":0,"variance":20},"description":"","effects":[{"code":22,"dataId":4,"value1":1,"value2":0},{"code":22,"dataId":5,"value1":1,"value2":0},{"code":22,"dataId":6,"value1":1,"value2":0},{"code":22,"dataId":7,"value1":1,"value2":0},{"code":22,"dataId":8,"value1":1,"value2":0},{"code":22,"dataId":9,"value1":1,"value2":0},{"code":22,"dataId":10,"value1":1,"value2":0}],"hitType":0,"iconIndex":176,"itypeId":1,"name":"祛除药草","note":"","occasion":0,"price":80,"repeats":1,"scope":11,"speed":0,"successRate":100,"tpGain":0},
{"id":4,"animationId":49,"consumable":true,"damage":{"critical":false,"elementId":0,"formula":"b.mhp / 2","type":3,"variance":20},"description":"","effects":[{"code":11,"dataId":0,"value1":0.8,"value2":0},{"code":12,"dataId":0,"value1":0.8,"value2":0}],"hitType":0,"iconIndex":176,"itypeId":1,"name":"皇家药水","note":"","occasion":0,"price":100,"repeats":1,"scope":11,"speed":0,"successRate":100,"tpGain":0},
{"id":5,"animationId":0,"consumable":false,"damage":{"critical":false,"elementId":0,"formula":"0","type":0,"variance":20},"description":"衡量你学术成果的道具。","effects":[],"hitType":0,"iconIndex":189,"itypeId":2,"name":"绩点","note":"","occasion":0,"price":0,"repeats":1,"scope":7,"speed":0,"successRate":100,"tpGain":0},
{"id":6,"animationId":0,"consumable":false,"damage":{"critical":false,"elementId":0,"formula":"0","type":0,"variance":20},"description":"衡量你艺术修养的道具。","effects":[],"hitType":0,"iconIndex":200,"itypeId":2,"name":"艺术的火花","note":"","occasion":0,"price":0,"repeats":1,"scope":7,"speed":0,"successRate":100,"tpGain":0},
{"id":7,"animationId":0,"consumable":false,"damage":{"critical":false,"elementId":0,"formula":"0","type":0,"variance":20},"description":"这些用过的网球反映了你训练的认真程度。","effects":[],"hitType":0,"iconIndex":164,"itypeId":2,"name":"用过的网球","note":"","occasion":0,"price":0,"repeats":1,"scope":7,"speed":0,"successRate":100,"tpGain":0},
{"id":8,"animationId":0,"consumable":true,"damage":{"critical":false,"elementId":0,"formula":"0","type":0,"variance":20},"description":"百景园的特色自助餐。恢复MP150，TP5。\n消除中毒状态。 ","effects":[{"code":12,"dataId":0,"value1":0,"value2":150},{"code":13,"dataId":0,"value1":5,"value2":0},{"code":22,"dataId":4,"value1":1,"value2":0}],"hitType":0,"iconIndex":274,"itypeId":1,"name":"百景园的自助餐","note":"","occasion":0,"price":0,"repeats":1,"scope":11,"speed":0,"successRate":100,"tpGain":0},
{"id":9,"animationId":0,"consumable":true,"damage":{"critical":false,"elementId":0,"formula":"0","type":0,"variance":20},"description":"美味的韵苑学生食堂的西安特色面食。恢复MP100。\n消除中毒状态。 ","effects":[{"code":12,"dataId":0,"value1":0,"value2":100},{"code":22,"dataId":4,"value1":1,"value2":0}],"hitType":0,"iconIndex":277,"itypeId":1,"name":"韵酒的西安面","note":"","occasion":0,"price":0,"repeats":1,"scope":11,"speed":0,"successRate":100,"tpGain":0},
{"id":10,"animationId":0,"consumable":true,"damage":{"critical":false,"elementId":0,"formula":"0","type":0,"variance":20},"description":"物美价廉的西一饺子，恢复HP300。\n消除睡眠状态。","effects":[{"code":11,"dataId":0,"value1":0,"value2":300},{"code":22,"dataId":10,"value1":1,"value2":0}],"hitType":0,"iconIndex":258,"itypeId":1,"name":"西一的饺子","note":"","occasion":0,"price":0,"repeats":1,"scope":11,"speed":0,"successRate":100,"tpGain":0},
{"id":11,"animationId":0,"consumable":true,"damage":{"critical":false,"elementId":0,"formula":"0","type":0,"variance":20},"description":"丰盛的东园的米饭套餐。可以恢复HP200。","effects":[{"code":11,"dataId":0,"value1":0,"value2":50}],"hitType":0,"iconIndex":259,"itypeId":1,"name":"东园的米饭套餐","note":"","occasion":0,"price":0,"repeats":1,"scope":11,"speed":0,"successRate":100,"tpGain":0},
{"id":12,"animationId":0,"consumable":true,"damage":{"critical":false,"elementId":0,"formula":"0","type":0,"variance":20},"description":"清新舒适的百惠园蔬菜。可恢复MP20。","effects":[{"code":12,"dataId":0,"value1":0,"value2":20}],"hitType":0,"iconIndex":278,"itypeId":1,"name":"百惠园的蔬菜","note":"","occasion":0,"price":0,"repeats":1,"scope":11,"speed":0,"successRate":100,"tpGain":0},
{"id":13,"animationId":0,"consumable":true,"damage":{"critical":false,"elementId":0,"formula":"0","type":0,"variance":20},"description":"适合朋友聚餐的西二小自助。可恢复MP50%，\nHP50%，TP加8。消除中毒状态。 ","effects":[{"code":12,"dataId":0,"value1":0.5,"value2":0},{"code":11,"dataId":0,"value1":0.5,"value2":0},{"code":22,"dataId":4,"value1":1,"value2":0}],"hitType":0,"iconIndex":261,"itypeId":1,"name":"西二的小自助","note":"","occasion":0,"price":0,"repeats":1,"scope":11,"speed":0,"successRate":100,"tpGain":0},
{"id":14,"animationId":0,"consumable":true,"damage":{"critical":false,"elementId":0,"formula":"0","type":0,"variance":20},"description":"优秀的东教工的鸡扒。可以增加10%的\nHP和10%的MP。消除睡眠状态。","effects":[{"code":11,"dataId":0,"value1":0.1,"value2":0},{"code":12,"dataId":0,"value1":0.1,"value2":0},{"code":22,"dataId":10,"value1":1,"value2":0}],"hitType":0,"iconIndex":267,"itypeId":1,"name":"东教工的鸡扒","note":"","occasion":0,"price":0,"repeats":1,"scope":11,"speed":0,"successRate":100,"tpGain":0},
{"id":15,"animationId":0,"consumable":true,"damage":{"critical":false,"elementId":0,"formula":"0","type":0,"variance":20},"description":"实惠好吃的学一的牛肉面。恢复MP30，增加TP2。\n消除失明状态。","effects":[{"code":13,"dataId":0,"value1":2,"value2":0},{"code":12,"dataId":0,"value1":0,"value2":30},{"code":22,"dataId":5,"value1":1,"value2":0}],"hitType":0,"iconIndex":268,"itypeId":1,"name":"学一的牛肉面","note":"","occasion":0,"price":0,"repeats":1,"scope":11,"speed":0,"successRate":100,"tpGain":0},
{"id":16,"animationId":0,"consumable":true,"damage":{"critical":false,"elementId":0,"formula":"0","type":0,"variance":20},"description":"鲜香的东一的黄焖鸡。恢复HP30%，MP20%。\n消除魅惑状态。","effects":[{"code":11,"dataId":0,"value1":0.3,"value2":0},{"code":12,"dataId":0,"value1":0.2,"value2":0},{"code":22,"dataId":9,"value1":1,"value2":0}],"hitType":0,"iconIndex":264,"itypeId":1,"name":"东一的黄焖鸡","note":"","occasion":0,"price":0,"repeats":1,"scope":11,"speed":0,"successRate":100,"tpGain":0},
{"id":17,"animationId":0,"consumable":true,"damage":{"critical":false,"elementId":0,"formula":"0","type":0,"variance":20},"description":"学习新技能--实训","effects":[{"code":43,"dataId":9,"value1":1,"value2":0}],"hitType":0,"iconIndex":187,"itypeId":1,"name":"技能书（实训）","note":"","occasion":0,"price":20,"repeats":1,"scope":7,"speed":0,"successRate":100,"tpGain":0},
{"id":18,"animationId":0,"consumable":true,"damage":{"critical":false,"elementId":0,"formula":"0","type":0,"variance":20},"description":"学习新技能--电气实验","effects":[{"code":43,"dataId":10,"value1":1,"value2":0}],"hitType":0,"iconIndex":187,"itypeId":1,"name":"技能书（电气实验）","note":"","occasion":0,"price":20,"repeats":1,"scope":7,"speed":0,"successRate":100,"tpGain":0},
{"id":19,"animationId":0,"consumable":true,"damage":{"critical":false,"elementId":0,"formula":"0","type":0,"variance":20},"description":"学习新技能--化学实验","effects":[{"code":43,"dataId":11,"value1":1,"value2":0}],"hitType":0,"iconIndex":187,"itypeId":1,"name":"技能书（化学实验）","note":"","occasion":0,"price":20,"repeats":1,"scope":7,"speed":0,"successRate":100,"tpGain":0},
{"id":20,"animationId":0,"consumable":true,"damage":{"critical":false,"elementId":0,"formula":"0","type":0,"variance":20},"description":"学习新技能--占座","effects":[{"code":43,"dataId":12,"value1":1,"value2":0}],"hitType":0,"iconIndex":187,"itypeId":1,"name":"技能书（占座）","note":"","occasion":0,"price":20,"repeats":1,"scope":7,"speed":0,"successRate":100,"tpGain":0},
{"id":21,"animationId":0,"consumable":true,"damage":{"critical":false,"elementId":0,"formula":"0","type":0,"variance":20},"description":"学习新技能--实践","effects":[{"code":43,"dataId":13,"value1":1,"value2":0}],"hitType":0,"iconIndex":187,"itypeId":1,"name":"技能书（实践）","note":"","occasion":0,"price":20,"repeats":1,"scope":7,"speed":0,"successRate":100,"tpGain":0},
{"id":22,"animationId":0,"consumable":true,"damage":{"critical":false,"elementId":0,"formula":"0","type":0,"variance":20},"description":"学习新技能--刷夜","effects":[{"code":43,"dataId":14,"value1":1,"value2":0}],"hitType":0,"iconIndex":187,"itypeId":1,"name":"技能书（刷夜）","note":"","occasion":0,"price":20,"repeats":1,"scope":7,"speed":0,"successRate":100,"tpGain":0},
{"id":23,"animationId":0,"consumable":true,"damage":{"critical":false,"elementId":0,"formula":"0","type":0,"variance":20},"description":"学习新技能--熬夜","effects":[{"code":43,"dataId":15,"value1":1,"value2":0}],"hitType":0,"iconIndex":187,"itypeId":1,"name":"技能书（熬夜）","note":"","occasion":0,"price":20,"repeats":1,"scope":7,"speed":0,"successRate":100,"tpGain":0},
{"id":24,"animationId":0,"consumable":true,"damage":{"critical":false,"elementId":0,"formula":"0","type":0,"variance":20},"description":"学习新技能--讨论","effects":[{"code":43,"dataId":16,"value1":1,"value2":0}],"hitType":0,"iconIndex":187,"itypeId":1,"name":"技能书（讨论）","note":"","occasion":0,"price":20,"repeats":1,"scope":7,"speed":0,"successRate":100,"tpGain":0},
{"id":25,"animationId":0,"consumable":true,"damage":{"critical":false,"elementId":0,"formula":"0","type":0,"variance":20},"description":"学习新技能--魅惑","effects":[{"code":43,"dataId":17,"value1":1,"value2":0}],"hitType":0,"iconIndex":187,"itypeId":1,"name":"技能书（魅惑）","note":"","occasion":0,"price":20,"repeats":1,"scope":7,"speed":0,"successRate":100,"tpGain":0},
{"id":26,"animationId":0,"consumable":true,"damage":{"critical":false,"elementId":0,"formula":"0","type":0,"variance":20},"description":"学习新技能--书海","effects":[{"code":43,"dataId":18,"value1":1,"value2":0}],"hitType":0,"iconIndex":187,"itypeId":1,"name":"技能书（书海）","note":"","occasion":0,"price":20,"repeats":1,"scope":7,"speed":0,"successRate":100,"tpGain":0},
{"id":27,"animationId":0,"consumable":true,"damage":{"critical":false,"elementId":0,"formula":"0","type":0,"variance":20},"description":"学习新技能--喋喋不休","effects":[{"code":43,"dataId":19,"value1":1,"value2":0}],"hitType":0,"iconIndex":187,"itypeId":1,"name":"技能书（喋喋不休）","note":"","occasion":0,"price":20,"repeats":1,"scope":7,"speed":0,"successRate":100,"tpGain":0},
{"id":28,"animationId":0,"consumable":true,"damage":{"critical":false,"elementId":0,"formula":"0","type":0,"variance":20},"description":"学习新技能--挑衅","effects":[{"code":43,"dataId":20,"value1":1,"value2":0}],"hitType":0,"iconIndex":187,"itypeId":1,"name":"技能书（挑衅）","note":"","occasion":0,"price":20,"repeats":1,"scope":7,"speed":0,"successRate":100,"tpGain":0},
{"id":29,"animationId":0,"consumable":true,"damage":{"critical":false,"elementId":0,"formula":"0","type":0,"variance":20},"description":"学习新技能--恐吓","effects":[{"code":43,"dataId":21,"value1":1,"value2":0}],"hitType":0,"iconIndex":187,"itypeId":1,"name":"技能书（恐吓）","note":"","occasion":0,"price":20,"repeats":1,"scope":7,"speed":0,"successRate":100,"tpGain":0},
{"id":30,"animationId":0,"consumable":true,"damage":{"critical":false,"elementId":0,"formula":"0","type":0,"variance":20},"description":"学习新技能--劳累","effects":[{"code":43,"dataId":22,"value1":1,"value2":0}],"hitType":0,"iconIndex":187,"itypeId":1,"name":"技能书（劳累）","note":"","occasion":0,"price":20,"repeats":1,"scope":7,"speed":0,"successRate":100,"tpGain":0},
{"id":31,"animationId":0,"consumable":true,"damage":{"critical":false,"elementId":0,"formula":"0","type":0,"variance":20},"description":"学习新技能--迟缓","effects":[{"code":43,"dataId":23,"value1":1,"value2":0}],"hitType":0,"iconIndex":187,"itypeId":1,"name":"技能书（迟缓）","note":"","occasion":0,"price":20,"repeats":1,"scope":7,"speed":0,"successRate":100,"tpGain":0},
{"id":32,"animationId":0,"consumable":true,"damage":{"critical":false,"elementId":0,"formula":"0","type":0,"variance":20},"description":"","effects":[],"hitType":0,"iconIndex":0,"itypeId":1,"name":"","note":"","occasion":0,"price":0,"repeats":1,"scope":7,"speed":0,"successRate":100,"tpGain":0},
{"id":33,"animationId":0,"consumable":true,"damage":{"critical":false,"elementId":0,"formula":"0","type":0,"variance":20},"description":"","effects":[],"hitType":0,"iconIndex":0,"itypeId":1,"name":"","note":"","occasion":0,"price":0,"repeats":1,"scope":7,"speed":0,"successRate":100,"tpGain":0},
{"id":34,"animationId":0,"consumable":true,"damage":{"critical":false,"elementId":0,"formula":"0","type":0,"variance":20},"description":"","effects":[],"hitType":0,"iconIndex":0,"itypeId":1,"name":"","note":"","occasion":0,"price":0,"repeats":1,"scope":7,"speed":0,"successRate":100,"tpGain":0},
{"id":35,"animationId":0,"consumable":true,"damage":{"critical":false,"elementId":0,"formula":"0","type":0,"variance":20},"description":"","effects":[],"hitType":0,"iconIndex":0,"itypeId":1,"name":"","note":"","occasion":0,"price":0,"repeats":1,"scope":7,"speed":0,"successRate":100,"tpGain":0},
{"id":36,"animationId":0,"consumable":true,"damage":{"critical":false,"elementId":0,"formula":"0","type":0,"variance":20},"description":"","effects":[],"hitType":0,"iconIndex":0,"itypeId":1,"name":"","note":"","occasion":0,"price":0,"repeats":1,"scope":7,"speed":0,"successRate":100,"tpGain":0},
{"id":37,"animationId":0,"consumable":true,"damage":{"critical":false,"elementId":0,"formula":"0","type":0,"variance":20},"description":"","effects":[],"hitType":0,"iconIndex":0,"itypeId":1,"name":"","note":"","occasion":0,"price":0,"repeats":1,"scope":7,"speed":0,"successRate":100,"tpGain":0},
{"id":38,"animationId":0,"consumable":true,"damage":{"critical":false,"elementId":0,"formula":"0","type":0,"variance":20},"description":"","effects":[],"hitType":0,"iconIndex":0,"itypeId":1,"name":"","note":"","occasion":0,"price":0,"repeats":1,"scope":7,"speed":0,"successRate":100,"tpGain":0},
{"id":39,"animationId":0,"consumable":true,"damage":{"critical":false,"elementId":0,"formula":"0","type":0,"variance":20},"description":"","effects":[],"hitType":0,"iconIndex":0,"itypeId":1,"name":"","note":"","occasion":0,"price":0,"repeats":1,"scope":7,"speed":0,"successRate":100,"tpGain":0},
{"id":40,"animationId":0,"consumable":true,"damage":{"critical":false,"elementId":0,"formula":"0","type":0,"variance":20},"description":"","effects":[],"hitType":0,"iconIndex":0,"itypeId":1,"name":"","note":"","occasion":0,"price":0,"repeats":1,"scope":7,"speed":0,"successRate":100,"tpGain":0}
]