[
null,
{"id":1,"expanded":true,"name":"DefaultBranch","order":1,"parentId":0,"scrollX":2240,"scrollY":1016},
{"id":2,"expanded":true,"name":"TennisBranch","order":5,"parentId":0,"scrollX":2082.6666666666665,"scrollY":1578.6666666666667},
{"id":3,"expanded":true,"name":"MusicBranch","order":4,"parentId":0,"scrollX":1824,"scrollY":1600},
{"id":4,"expanded":true,"name":"CompanyBranch","order":6,"parentId":0,"scrollX":1581.3333333333333,"scrollY":1400},
{"id":5,"expanded":true,"name":"GameBranch","order":7,"parentId":0,"scrollX":2061.3333333333335,"scrollY":1568},
null,
null,
null,
null,
null,
{"id":11,"expanded":true,"name":"DianNormalBranch","order":3,"parentId":0,"scrollX":2269.3333333333335,"scrollY":1546.6666666666667},
{"id":12,"expanded":false,"name":"RoadMap","order":2,"parentId":0,"scrollX":2413.3333333333335,"scrollY":1765.3333333333333}
]