[
null,
{"id":1,"autoRemovalTiming":0,"chanceByDamage":100,"iconIndex":1,"maxTurns":1,"message1":"已坠落！","message2":"被杀死！","message3":"","message4":"复苏！","minTurns":1,"motion":3,"name":"KO","note":"当 HP 为 0 时，将自动添加状态 #1。","overlay":0,"priority":100,"releaseByDamage":false,"removeAtBattleEnd":false,"removeByDamage":false,"removeByRestriction":false,"removeByWalking":false,"restriction":4,"stepsToRemove":100,"traits":[{"code":23,"dataId":9,"value":0}]},
{"id":2,"autoRemovalTiming":2,"chanceByDamage":100,"description":"","iconIndex":81,"maxTurns":1,"message1":"","message2":"","message3":"","message4":"","minTurns":1,"motion":0,"name":"清包","note":"","overlay":0,"priority":0,"removeAtBattleEnd":true,"removeByDamage":false,"removeByRestriction":true,"removeByWalking":false,"restriction":0,"stepsToRemove":100,"traits":[{"code":62,"dataId":1,"value":0},{"code":21,"dataId":3,"value":2},{"code":21,"dataId":5,"value":2}]},
{"id":3,"autoRemovalTiming":0,"chanceByDamage":100,"description":"","iconIndex":0,"maxTurns":1,"message1":"","message2":"","message3":"","message4":"","minTurns":1,"motion":0,"name":"不死","note":"","overlay":0,"priority":0,"removeAtBattleEnd":true,"removeByDamage":false,"removeByRestriction":false,"removeByWalking":false,"restriction":0,"stepsToRemove":100,"traits":[{"code":14,"dataId":1,"value":0}]},
{"id":4,"autoRemovalTiming":0,"chanceByDamage":15,"iconIndex":2,"maxTurns":1,"message1":"被毒害！","message2":"被毒害！","message3":"","message4":"不再中毒！","minTurns":1,"motion":1,"overlay":1,"name":"中毒","note":"","priority":50,"releaseByDamage":false,"removeAtBattleEnd":true,"removeByDamage":true,"removeByRestriction":false,"removeByWalking":false,"restriction":0,"stepsToRemove":100,"traits":[{"code":22,"dataId":7,"value":-0.05}]},
{"id":5,"autoRemovalTiming":1,"chanceByDamage":100,"iconIndex":3,"maxTurns":5,"message1":"已失明！","message2":"已失明！","message3":"","message4":"不再失明！","minTurns":3,"motion":1,"name":"失明","note":"","overlay":2,"priority":60,"releaseByDamage":false,"removeAtBattleEnd":true,"removeByDamage":false,"removeByRestriction":false,"removeByWalking":false,"restriction":0,"stepsToRemove":100,"traits":[{"code":22,"dataId":0,"value":-0.5}]},
{"id":6,"autoRemovalTiming":1,"chanceByDamage":100,"iconIndex":4,"maxTurns":5,"message1":"被失言！","message2":"被失言！","message3":"","message4":"不会失言！","minTurns":3,"motion":1,"name":"失言","note":"","overlay":3,"priority":65,"releaseByDamage":false,"removeAtBattleEnd":true,"removeByDamage":false,"removeByRestriction":false,"removeByWalking":false,"restriction":0,"stepsToRemove":100,"traits":[{"code":42,"dataId":1,"value":0}]},
{"id":7,"autoRemovalTiming":1,"chanceByDamage":50,"iconIndex":5,"maxTurns":4,"message1":"被激怒！","message2":"被激怒！","message3":"","message4":"不再愤怒！","minTurns":2,"motion":1,"name":"愤怒","note":"","overlay":0,"priority":70,"releaseByDamage":false,"removeAtBattleEnd":true,"removeByDamage":true,"removeByRestriction":false,"removeByWalking":false,"restriction":1,"stepsToRemove":100,"traits":[{"code":23,"dataId":7,"value":2},{"code":21,"dataId":3,"value":0.5}]},
{"id":8,"autoRemovalTiming":1,"chanceByDamage":50,"iconIndex":6,"maxTurns":4,"message1":"被混乱！","message2":"被混乱！","message3":"","message4":"不再被混乱！","minTurns":2,"motion":1,"name":"混乱","note":"","overlay":5,"priority":75,"releaseByDamage":false,"removeAtBattleEnd":true,"removeByDamage":true,"removeByRestriction":false,"removeByWalking":false,"restriction":2,"stepsToRemove":100,"traits":[]},
{"id":9,"autoRemovalTiming":1,"chanceByDamage":50,"iconIndex":7,"maxTurns":4,"message1":"被魅惑！","message2":"被魅惑！","message3":"","message4":"不再被魅惑！","minTurns":2,"motion":1,"name":"魅惑","note":"","overlay":6,"priority":80,"releaseByDamage":false,"removeAtBattleEnd":true,"removeByDamage":true,"removeByRestriction":false,"removeByWalking":false,"restriction":3,"stepsToRemove":100,"traits":[]},
{"id":10,"autoRemovalTiming":1,"chanceByDamage":100,"iconIndex":8,"maxTurns":5,"message1":"睡着！","message2":"睡着！","message3":"正在睡觉。","message4":"醒来！","minTurns":3,"motion":2,"name":"睡眠","note":"","overlay":7,"priority":90,"releaseByDamage":true,"removeAtBattleEnd":true,"removeByDamage":true,"removeByRestriction":false,"removeByWalking":false,"restriction":4,"stepsToRemove":100,"traits":[{"code":22,"dataId":1,"value":-1}]},
{"id":11,"autoRemovalTiming":2,"chanceByDamage":100,"traits":[{"code":21,"dataId":3,"value":2},{"code":21,"dataId":5,"value":2},{"code":21,"dataId":6,"value":0.5}],"iconIndex":67,"maxTurns":3,"message1":"","message2":"","message3":"","message4":"","minTurns":1,"motion":0,"name":"迟缓","note":"","overlay":0,"priority":50,"removeAtBattleEnd":true,"removeByDamage":false,"removeByRestriction":false,"removeByWalking":false,"restriction":0,"stepsToRemove":100},
{"id":12,"autoRemovalTiming":2,"chanceByDamage":100,"traits":[{"code":21,"dataId":3,"value":3},{"code":11,"dataId":4,"value":0.8},{"code":11,"dataId":3,"value":0.8},{"code":11,"dataId":6,"value":0.8}],"iconIndex":81,"maxTurns":1,"message1":"","message2":"","message3":"","message4":"","minTurns":1,"motion":0,"name":"请假","note":"","overlay":0,"priority":50,"removeAtBattleEnd":true,"removeByDamage":false,"removeByRestriction":true,"removeByWalking":false,"restriction":0,"stepsToRemove":100},
{"id":13,"autoRemovalTiming":2,"chanceByDamage":100,"traits":[{"code":21,"dataId":3,"value":4},{"code":11,"dataId":2,"value":0.8},{"code":11,"dataId":5,"value":0.8},{"code":11,"dataId":7,"value":0.8}],"iconIndex":81,"maxTurns":1,"message1":"","message2":"","message3":"","message4":"","minTurns":1,"motion":0,"name":"划水","note":"","overlay":0,"priority":50,"removeAtBattleEnd":true,"removeByDamage":false,"removeByRestriction":true,"removeByWalking":false,"restriction":0,"stepsToRemove":100},
{"id":14,"autoRemovalTiming":2,"chanceByDamage":100,"traits":[{"code":21,"dataId":3,"value":5},{"code":11,"dataId":7,"value":0.8},{"code":11,"dataId":8,"value":0.8},{"code":11,"dataId":9,"value":1}],"iconIndex":81,"maxTurns":1,"message1":"","message2":"","message3":"","message4":"","minTurns":1,"motion":0,"name":"摸鱼","note":"","overlay":0,"priority":50,"removeAtBattleEnd":true,"removeByDamage":false,"removeByRestriction":true,"removeByWalking":false,"restriction":0,"stepsToRemove":100},
{"id":15,"autoRemovalTiming":2,"chanceByDamage":100,"traits":[{"code":21,"dataId":3,"value":6},{"code":11,"dataId":3,"value":0.8},{"code":11,"dataId":5,"value":0.8},{"code":11,"dataId":7,"value":1}],"iconIndex":81,"maxTurns":1,"message1":"","message2":"","message3":"","message4":"","minTurns":1,"motion":0,"name":"装病","note":"","overlay":0,"priority":50,"removeAtBattleEnd":true,"removeByDamage":false,"removeByRestriction":true,"removeByWalking":false,"restriction":0,"stepsToRemove":100}
]