[
null,
{"id":1,"actions":[{"conditionParam1":0,"conditionParam2":0,"conditionType":0,"rating":5,"skillId":2},{"conditionParam1":0,"conditionParam2":0,"conditionType":0,"rating":5,"skillId":1}],"battlerHue":0,"battlerName":"Bat","dropItems":[{"dataId":1,"denominator":1,"kind":0},{"dataId":1,"denominator":1,"kind":0},{"dataId":1,"denominator":1,"kind":0}],"exp":0,"traits":[{"code":22,"dataId":0,"value":0.95},{"code":22,"dataId":1,"value":0.05},{"code":31,"dataId":1,"value":0}],"gold":0,"name":"蝙蝠","note":"","params":[200,200,30,30,30,30,30,30]},
{"id":2,"actions":[{"conditionParam1":0,"conditionParam2":0,"conditionType":0,"rating":5,"skillId":1},{"conditionParam1":0,"conditionParam2":0,"conditionType":0,"rating":5,"skillId":18},{"conditionParam1":0,"conditionParam2":0,"conditionType":0,"rating":4,"skillId":23}],"battlerHue":0,"battlerName":"Slime","dropItems":[{"dataId":1,"denominator":1,"kind":0},{"dataId":1,"denominator":1,"kind":0},{"dataId":1,"denominator":1,"kind":0}],"exp":0,"traits":[{"code":22,"dataId":0,"value":0.95},{"code":22,"dataId":1,"value":0.05},{"code":31,"dataId":1,"value":0}],"gold":0,"name":"史莱姆","note":"","params":[250,0,30,30,30,30,30,30]},
{"id":3,"actions":[{"conditionParam1":0,"conditionParam2":0,"conditionType":0,"rating":5,"skillId":1}],"battlerHue":0,"battlerName":"Orc","dropItems":[{"dataId":1,"denominator":1,"kind":0},{"dataId":1,"denominator":1,"kind":0},{"dataId":1,"denominator":1,"kind":0}],"exp":0,"traits":[{"code":22,"dataId":0,"value":0.95},{"code":22,"dataId":1,"value":0.05},{"code":31,"dataId":1,"value":0}],"gold":0,"name":"妖魔","note":"","params":[300,0,30,30,30,30,30,30]},
{"id":4,"actions":[{"conditionParam1":0,"conditionParam2":0,"conditionType":0,"rating":5,"skillId":1}],"battlerHue":0,"battlerName":"Minotaur","dropItems":[{"dataId":1,"denominator":1,"kind":0},{"dataId":1,"denominator":1,"kind":0},{"dataId":1,"denominator":1,"kind":0}],"exp":0,"traits":[{"code":22,"dataId":0,"value":0.95},{"code":22,"dataId":1,"value":0.05},{"code":31,"dataId":1,"value":0}],"gold":0,"name":"牛头怪","note":"","params":[500,0,30,30,30,30,30,30]},
{"id":5,"actions":[{"conditionParam1":0,"conditionParam2":0,"conditionType":0,"rating":5,"skillId":25},{"conditionParam1":0,"conditionParam2":0,"conditionType":0,"rating":5,"skillId":1}],"battlerHue":0,"battlerName":"电路板0","dropItems":[{"kind":1,"dataId":1,"denominator":1000},{"kind":3,"dataId":1,"denominator":1000},{"kind":2,"dataId":1,"denominator":1000}],"exp":30,"traits":[{"code":22,"dataId":0,"value":0.95},{"code":22,"dataId":1,"value":0.05},{"code":31,"dataId":5,"value":0},{"code":11,"dataId":2,"value":0.5},{"code":11,"dataId":6,"value":2}],"gold":3,"name":"路边小怪（婴儿期）","note":"","params":[150,500,10,10,10,10,10,10]},
{"id":6,"actions":[{"conditionParam1":0,"conditionParam2":0,"conditionType":0,"rating":5,"skillId":1},{"conditionParam1":0,"conditionParam2":0,"conditionType":0,"rating":5,"skillId":3},{"conditionParam1":0,"conditionParam2":0,"conditionType":0,"rating":5,"skillId":8},{"conditionParam1":0,"conditionParam2":0,"conditionType":0,"rating":5,"skillId":33}],"battlerHue":0,"battlerName":"电路板1","dropItems":[{"kind":1,"dataId":2,"denominator":500},{"kind":2,"dataId":1,"denominator":500},{"kind":3,"dataId":3,"denominator":500}],"exp":400,"traits":[{"code":22,"dataId":0,"value":0.95},{"code":22,"dataId":1,"value":0.05},{"code":31,"dataId":5,"value":0},{"code":11,"dataId":2,"value":0.5},{"code":11,"dataId":6,"value":2}],"gold":6,"name":"路边小怪（幼年期）","note":"","params":[900,500,30,30,30,30,30,30]},
{"id":7,"actions":[{"conditionParam1":0,"conditionParam2":0,"conditionType":0,"rating":5,"skillId":1},{"conditionParam1":0,"conditionParam2":0,"conditionType":0,"rating":5,"skillId":29},{"conditionParam1":0,"conditionParam2":0,"conditionType":0,"rating":5,"skillId":3},{"conditionParam1":0,"conditionParam2":0,"conditionType":0,"rating":5,"skillId":12},{"conditionParam1":0,"conditionParam2":0,"conditionType":0,"rating":3,"skillId":6},{"conditionParam1":0,"conditionParam2":0,"conditionType":0,"rating":5,"skillId":8},{"conditionParam1":0,"conditionParam2":0,"conditionType":0,"rating":5,"skillId":33}],"battlerHue":0,"battlerName":"电路板2","dropItems":[{"kind":1,"dataId":20,"denominator":10},{"dataId":1,"denominator":1,"kind":0},{"dataId":1,"denominator":1,"kind":0}],"exp":1400,"traits":[{"code":22,"dataId":0,"value":0.95},{"code":22,"dataId":1,"value":0.05},{"code":31,"dataId":5,"value":0},{"code":11,"dataId":2,"value":0.5},{"code":11,"dataId":6,"value":2}],"gold":9,"name":"路边小怪（成长期）","note":"","params":[1000,500,60,60,60,60,60,60]},
{"id":8,"actions":[{"conditionParam1":0,"conditionParam2":0,"conditionType":0,"rating":5,"skillId":1},{"conditionParam1":0,"conditionParam2":0,"conditionType":0,"rating":5,"skillId":30},{"conditionParam1":0,"conditionParam2":0,"conditionType":0,"rating":5,"skillId":24},{"conditionParam1":0,"conditionParam2":0,"conditionType":0,"rating":5,"skillId":12},{"conditionParam1":0,"conditionParam2":0,"conditionType":0,"rating":3,"skillId":6},{"conditionParam1":0,"conditionParam2":0,"conditionType":0,"rating":5,"skillId":18},{"conditionParam1":0,"conditionParam2":0,"conditionType":0,"rating":5,"skillId":8},{"conditionParam1":0,"conditionParam2":0,"conditionType":0,"rating":7,"skillId":27},{"conditionParam1":0,"conditionParam2":0,"conditionType":0,"rating":7,"skillId":26},{"conditionParam1":0,"conditionParam2":0,"conditionType":0,"rating":5,"skillId":40}],"battlerHue":0,"battlerName":"电路板3","dropItems":[{"kind":1,"dataId":20,"denominator":10},{"kind":1,"dataId":26,"denominator":10},{"dataId":1,"denominator":1,"kind":0}],"exp":2600,"traits":[{"code":22,"dataId":0,"value":0.95},{"code":22,"dataId":1,"value":0.05},{"code":31,"dataId":5,"value":0},{"code":11,"dataId":2,"value":0.5},{"code":11,"dataId":6,"value":2}],"gold":12,"name":"路边小怪（成熟期）","note":"","params":[2000,500,80,80,80,80,80,80]},
{"id":9,"actions":[{"conditionParam1":0,"conditionParam2":0,"conditionType":0,"rating":7,"skillId":1},{"conditionParam1":0,"conditionParam2":0,"conditionType":0,"rating":7,"skillId":31},{"conditionParam1":0,"conditionParam2":0,"conditionType":0,"rating":7,"skillId":24},{"conditionParam1":0,"conditionParam2":0,"conditionType":0,"rating":5,"skillId":12},{"conditionParam1":0,"conditionParam2":0,"conditionType":0,"rating":3,"skillId":6},{"conditionParam1":0,"conditionParam2":0,"conditionType":0,"rating":5,"skillId":18},{"conditionParam1":0,"conditionParam2":0,"conditionType":0,"rating":5,"skillId":16},{"conditionParam1":0,"conditionParam2":0,"conditionType":0,"rating":5,"skillId":8},{"conditionParam1":0,"conditionParam2":0,"conditionType":0,"rating":7,"skillId":25},{"conditionParam1":0,"conditionParam2":0,"conditionType":0,"rating":7,"skillId":27},{"conditionParam1":0,"conditionParam2":0,"conditionType":0,"rating":7,"skillId":28},{"conditionParam1":0,"conditionParam2":0,"conditionType":0,"rating":7,"skillId":26},{"conditionParam1":0,"conditionParam2":0,"conditionType":0,"rating":5,"skillId":38}],"battlerHue":0,"battlerName":"电路板4","dropItems":[{"kind":1,"dataId":20,"denominator":10},{"kind":1,"dataId":26,"denominator":10},{"kind":1,"dataId":24,"denominator":10}],"exp":3600,"traits":[{"code":22,"dataId":0,"value":0.95},{"code":22,"dataId":1,"value":0.05},{"code":31,"dataId":5,"value":0},{"code":11,"dataId":2,"value":0.5},{"code":11,"dataId":6,"value":2}],"gold":25,"name":"路边小怪（完全体）","note":"","params":[3000,500,120,120,120,120,120,120]},
{"id":10,"actions":[{"conditionParam1":0,"conditionParam2":0,"conditionType":0,"rating":7,"skillId":1},{"conditionParam1":0,"conditionParam2":0,"conditionType":0,"rating":7,"skillId":32},{"conditionParam1":0,"conditionParam2":0,"conditionType":0,"rating":7,"skillId":24},{"conditionParam1":0,"conditionParam2":0,"conditionType":0,"rating":5,"skillId":12},{"conditionParam1":0,"conditionParam2":0,"conditionType":0,"rating":3,"skillId":6},{"conditionParam1":0,"conditionParam2":0,"conditionType":0,"rating":5,"skillId":18},{"conditionParam1":0,"conditionParam2":0,"conditionType":0,"rating":5,"skillId":16},{"conditionParam1":0,"conditionParam2":0,"conditionType":0,"rating":5,"skillId":15},{"conditionParam1":0,"conditionParam2":0,"conditionType":0,"rating":5,"skillId":8},{"conditionParam1":0,"conditionParam2":0,"conditionType":0,"rating":7,"skillId":25},{"conditionParam1":0,"conditionParam2":0,"conditionType":0,"rating":5,"skillId":36}],"battlerHue":0,"battlerName":"电路板5","dropItems":[{"kind":1,"dataId":20,"denominator":10},{"kind":1,"dataId":26,"denominator":10},{"kind":1,"dataId":24,"denominator":10}],"exp":5000,"traits":[{"code":22,"dataId":0,"value":0.95},{"code":22,"dataId":1,"value":0.05},{"code":31,"dataId":5,"value":0},{"code":11,"dataId":2,"value":0.5},{"code":11,"dataId":6,"value":2}],"gold":50,"name":"路边小怪（究极体）","note":"","params":[3500,500,150,150,150,150,150,150]},
{"id":11,"actions":[{"conditionParam1":0,"conditionParam2":0,"conditionType":0,"rating":5,"skillId":1},{"conditionParam1":0,"conditionParam2":0,"conditionType":0,"rating":5,"skillId":8},{"conditionParam1":0,"conditionParam2":0,"conditionType":0,"rating":5,"skillId":11},{"conditionParam1":0,"conditionParam2":0,"conditionType":0,"rating":5,"skillId":39}],"battlerHue":0,"battlerName":"语文","dropItems":[{"kind":1,"dataId":19,"denominator":10},{"dataId":1,"denominator":1,"kind":0},{"dataId":1,"denominator":1,"kind":0}],"exp":400,"traits":[{"code":22,"dataId":0,"value":0.95},{"code":22,"dataId":1,"value":0.05},{"code":31,"dataId":8,"value":0},{"code":11,"dataId":9,"value":0.5},{"code":11,"dataId":2,"value":2}],"gold":6,"name":"语文（幼年期）","note":"","params":[900,500,30,30,30,30,30,30]},
{"id":12,"actions":[{"conditionParam1":0,"conditionParam2":0,"conditionType":0,"rating":5,"skillId":1},{"conditionParam1":0,"conditionParam2":0,"conditionType":0,"rating":5,"skillId":29},{"conditionParam1":0,"conditionParam2":0,"conditionType":0,"rating":5,"skillId":3},{"conditionParam1":0,"conditionParam2":0,"conditionType":0,"rating":5,"skillId":11},{"conditionParam1":0,"conditionParam2":0,"conditionType":0,"rating":3,"skillId":6},{"conditionParam1":0,"conditionParam2":0,"conditionType":0,"rating":5,"skillId":8},{"conditionParam1":0,"conditionParam2":0,"conditionType":0,"rating":5,"skillId":40}],"battlerHue":0,"battlerName":"近现代史","dropItems":[{"kind":1,"dataId":19,"denominator":10},{"dataId":1,"denominator":1,"kind":0},{"dataId":1,"denominator":1,"kind":0}],"exp":1400,"traits":[{"code":22,"dataId":0,"value":0.95},{"code":22,"dataId":1,"value":0.05},{"code":31,"dataId":8,"value":0},{"code":11,"dataId":9,"value":0.5},{"code":11,"dataId":2,"value":2}],"gold":9,"name":"近代史（成长期）","note":"","params":[2000,500,60,60,60,60,60,60]},
{"id":13,"actions":[{"conditionParam1":0,"conditionParam2":0,"conditionType":0,"rating":5,"skillId":1},{"conditionParam1":0,"conditionParam2":0,"conditionType":0,"rating":5,"skillId":30},{"conditionParam1":0,"conditionParam2":0,"conditionType":0,"rating":5,"skillId":24},{"conditionParam1":0,"conditionParam2":0,"conditionType":0,"rating":5,"skillId":11},{"conditionParam1":0,"conditionParam2":0,"conditionType":0,"rating":3,"skillId":6},{"conditionParam1":0,"conditionParam2":0,"conditionType":0,"rating":5,"skillId":21},{"conditionParam1":0,"conditionParam2":0,"conditionType":0,"rating":5,"skillId":8},{"conditionParam1":0,"conditionParam2":0,"conditionType":0,"rating":7,"skillId":27},{"conditionParam1":0,"conditionParam2":0,"conditionType":0,"rating":7,"skillId":26},{"conditionParam1":0,"conditionParam2":0,"conditionType":0,"rating":5,"skillId":36}],"battlerHue":0,"battlerName":"大物","dropItems":[{"kind":1,"dataId":19,"denominator":10},{"kind":1,"dataId":29,"denominator":10},{"dataId":1,"denominator":1,"kind":0}],"exp":2600,"traits":[{"code":22,"dataId":0,"value":0.95},{"code":22,"dataId":1,"value":0.05},{"code":31,"dataId":8,"value":0},{"code":11,"dataId":9,"value":0.5},{"code":11,"dataId":2,"value":2}],"gold":12,"name":"大物（成熟期）","note":"","params":[3000,500,80,80,80,80,80,80]},
{"id":14,"actions":[{"conditionParam1":0,"conditionParam2":0,"conditionType":0,"rating":7,"skillId":1},{"conditionParam1":0,"conditionParam2":0,"conditionType":0,"rating":7,"skillId":31},{"conditionParam1":0,"conditionParam2":0,"conditionType":0,"rating":7,"skillId":24},{"conditionParam1":0,"conditionParam2":0,"conditionType":0,"rating":5,"skillId":13},{"conditionParam1":0,"conditionParam2":0,"conditionType":0,"rating":3,"skillId":6},{"conditionParam1":0,"conditionParam2":0,"conditionType":0,"rating":5,"skillId":17},{"conditionParam1":0,"conditionParam2":0,"conditionType":0,"rating":5,"skillId":16},{"conditionParam1":0,"conditionParam2":0,"conditionType":0,"rating":5,"skillId":22},{"conditionParam1":0,"conditionParam2":0,"conditionType":0,"rating":5,"skillId":8},{"conditionParam1":0,"conditionParam2":0,"conditionType":0,"rating":7,"skillId":25},{"conditionParam1":0,"conditionParam2":0,"conditionType":0,"rating":7,"skillId":27},{"conditionParam1":0,"conditionParam2":0,"conditionType":0,"rating":7,"skillId":28},{"conditionParam1":0,"conditionParam2":0,"conditionType":0,"rating":7,"skillId":26},{"conditionParam1":0,"conditionParam2":0,"conditionType":0,"rating":5,"skillId":34}],"battlerHue":0,"battlerName":"数学分析","dropItems":[{"kind":1,"dataId":21,"denominator":10},{"kind":1,"dataId":25,"denominator":10},{"kind":1,"dataId":24,"denominator":10}],"exp":3600,"traits":[{"code":22,"dataId":0,"value":0.95},{"code":22,"dataId":1,"value":0.05},{"code":31,"dataId":5,"value":0},{"code":11,"dataId":2,"value":0.5},{"code":11,"dataId":6,"value":2}],"gold":25,"name":"微积分（完全体）","note":"","params":[4000,500,120,120,120,120,120,120]},
{"id":15,"actions":[{"conditionParam1":0,"conditionParam2":0,"conditionType":0,"rating":5,"skillId":1},{"conditionParam1":0,"conditionParam2":0,"conditionType":0,"rating":5,"skillId":8},{"conditionParam1":0,"conditionParam2":0,"conditionType":0,"rating":5,"skillId":9},{"conditionParam1":0,"conditionParam2":0,"conditionType":0,"rating":5,"skillId":37}],"battlerHue":0,"battlerName":"电路理论","dropItems":[{"kind":1,"dataId":17,"denominator":10},{"dataId":1,"denominator":1,"kind":0},{"dataId":1,"denominator":1,"kind":0}],"exp":400,"traits":[{"code":22,"dataId":0,"value":0.95},{"code":22,"dataId":1,"value":0.05},{"code":31,"dataId":4,"value":0},{"code":11,"dataId":7,"value":0.5},{"code":11,"dataId":5,"value":2}],"gold":6,"name":"电路（幼年期）","note":"","params":[900,500,30,30,30,30,30,30]},
{"id":16,"actions":[{"conditionParam1":0,"conditionParam2":0,"conditionType":0,"rating":5,"skillId":1},{"conditionParam1":0,"conditionParam2":0,"conditionType":0,"rating":5,"skillId":29},{"conditionParam1":0,"conditionParam2":0,"conditionType":0,"rating":5,"skillId":3},{"conditionParam1":0,"conditionParam2":0,"conditionType":0,"rating":5,"skillId":14},{"conditionParam1":0,"conditionParam2":0,"conditionType":0,"rating":3,"skillId":6},{"conditionParam1":0,"conditionParam2":0,"conditionType":0,"rating":5,"skillId":8},{"conditionParam1":0,"conditionParam2":0,"conditionType":0,"rating":5,"skillId":33}],"battlerHue":0,"battlerName":"数字逻辑","dropItems":[{"kind":1,"dataId":22,"denominator":10},{"dataId":1,"denominator":1,"kind":0},{"dataId":1,"denominator":1,"kind":0}],"exp":1400,"traits":[{"code":22,"dataId":0,"value":0.95},{"code":22,"dataId":1,"value":0.05},{"code":31,"dataId":4,"value":0},{"code":11,"dataId":7,"value":0.5},{"code":11,"dataId":5,"value":2}],"gold":9,"name":"数电（成长期）","note":"","params":[2000,500,60,60,60,60,60,60]},
{"id":17,"actions":[{"conditionParam1":0,"conditionParam2":0,"conditionType":0,"rating":5,"skillId":1},{"conditionParam1":0,"conditionParam2":0,"conditionType":0,"rating":5,"skillId":30},{"conditionParam1":0,"conditionParam2":0,"conditionType":0,"rating":5,"skillId":24},{"conditionParam1":0,"conditionParam2":0,"conditionType":0,"rating":5,"skillId":9},{"conditionParam1":0,"conditionParam2":0,"conditionType":0,"rating":3,"skillId":6},{"conditionParam1":0,"conditionParam2":0,"conditionType":0,"rating":5,"skillId":23},{"conditionParam1":0,"conditionParam2":0,"conditionType":0,"rating":5,"skillId":8},{"conditionParam1":0,"conditionParam2":0,"conditionType":0,"rating":7,"skillId":27},{"conditionParam1":0,"conditionParam2":0,"conditionType":0,"rating":7,"skillId":26},{"conditionParam1":0,"conditionParam2":0,"conditionType":0,"rating":5,"skillId":34}],"battlerHue":0,"battlerName":"模电","dropItems":[{"kind":1,"dataId":17,"denominator":10},{"kind":1,"dataId":31,"denominator":10},{"dataId":1,"denominator":1,"kind":0}],"exp":2600,"traits":[{"code":22,"dataId":0,"value":0.95},{"code":22,"dataId":1,"value":0.05},{"code":31,"dataId":4,"value":0},{"code":11,"dataId":7,"value":0.5},{"code":11,"dataId":5,"value":2}],"gold":12,"name":"模电（成熟期）","note":"","params":[3000,500,80,80,80,80,80,80]},
{"id":18,"actions":[{"conditionParam1":0,"conditionParam2":0,"conditionType":0,"rating":7,"skillId":1},{"conditionParam1":0,"conditionParam2":0,"conditionType":0,"rating":7,"skillId":31},{"conditionParam1":0,"conditionParam2":0,"conditionType":0,"rating":7,"skillId":24},{"conditionParam1":0,"conditionParam2":0,"conditionType":0,"rating":5,"skillId":13},{"conditionParam1":0,"conditionParam2":0,"conditionType":0,"rating":3,"skillId":6},{"conditionParam1":0,"conditionParam2":0,"conditionType":0,"rating":5,"skillId":12},{"conditionParam1":0,"conditionParam2":0,"conditionType":0,"rating":5,"skillId":14},{"conditionParam1":0,"conditionParam2":0,"conditionType":0,"rating":5,"skillId":19},{"conditionParam1":0,"conditionParam2":0,"conditionType":0,"rating":5,"skillId":8},{"conditionParam1":0,"conditionParam2":0,"conditionType":0,"rating":7,"skillId":25},{"conditionParam1":0,"conditionParam2":0,"conditionType":0,"rating":7,"skillId":27},{"conditionParam1":0,"conditionParam2":0,"conditionType":0,"rating":7,"skillId":28},{"conditionParam1":0,"conditionParam2":0,"conditionType":0,"rating":7,"skillId":26},{"conditionParam1":0,"conditionParam2":0,"conditionType":0,"rating":5,"skillId":38}],"battlerHue":0,"battlerName":"集成电路","dropItems":[{"kind":1,"dataId":21,"denominator":10},{"kind":1,"dataId":20,"denominator":10},{"kind":1,"dataId":22,"denominator":10}],"exp":3600,"traits":[{"code":22,"dataId":0,"value":0.95},{"code":22,"dataId":1,"value":0.05},{"code":31,"dataId":4,"value":0},{"code":11,"dataId":7,"value":0.5},{"code":11,"dataId":5,"value":2}],"gold":25,"name":"集电（完全体）","note":"","params":[4000,500,120,120,120,120,120,120]},
{"id":19,"actions":[{"conditionParam1":0,"conditionParam2":0,"conditionType":0,"rating":5,"skillId":1},{"conditionParam1":0,"conditionParam2":0,"conditionType":0,"rating":5,"skillId":8},{"conditionParam1":0,"conditionParam2":0,"conditionType":0,"rating":5,"skillId":22},{"conditionParam1":0,"conditionParam2":0,"conditionType":0,"rating":5,"skillId":38}],"battlerHue":0,"battlerName":"形势与政策","dropItems":[{"kind":1,"dataId":30,"denominator":10},{"dataId":1,"denominator":1,"kind":0},{"dataId":1,"denominator":1,"kind":0}],"exp":400,"traits":[{"code":22,"dataId":0,"value":0.95},{"code":22,"dataId":1,"value":0.05},{"code":31,"dataId":7,"value":0},{"code":11,"dataId":4,"value":0.5},{"code":11,"dataId":8,"value":2}],"gold":6,"name":"形政（幼年期）","note":"","params":[900,500,30,30,30,30,30,30]},
{"id":20,"actions":[{"conditionParam1":0,"conditionParam2":0,"conditionType":0,"rating":5,"skillId":1},{"conditionParam1":0,"conditionParam2":0,"conditionType":0,"rating":5,"skillId":29},{"conditionParam1":0,"conditionParam2":0,"conditionType":0,"rating":5,"skillId":3},{"conditionParam1":0,"conditionParam2":0,"conditionType":0,"rating":5,"skillId":16},{"conditionParam1":0,"conditionParam2":0,"conditionType":0,"rating":3,"skillId":6},{"conditionParam1":0,"conditionParam2":0,"conditionType":0,"rating":5,"skillId":12},{"conditionParam1":0,"conditionParam2":0,"conditionType":0,"rating":5,"skillId":8},{"conditionParam1":0,"conditionParam2":0,"conditionType":0,"rating":5,"skillId":39}],"battlerHue":0,"battlerName":"马原","dropItems":[{"kind":1,"dataId":24,"denominator":10},{"kind":1,"dataId":20,"denominator":10},{"dataId":1,"denominator":1,"kind":0}],"exp":1400,"traits":[{"code":22,"dataId":0,"value":0.95},{"code":22,"dataId":1,"value":0.05},{"code":31,"dataId":7,"value":0},{"code":11,"dataId":4,"value":0.5},{"code":11,"dataId":8,"value":2}],"gold":9,"name":"马原（成长期）","note":"","params":[2000,500,60,60,60,60,60,60]},
{"id":21,"actions":[{"conditionParam1":0,"conditionParam2":0,"conditionType":0,"rating":5,"skillId":1},{"conditionParam1":0,"conditionParam2":0,"conditionType":0,"rating":5,"skillId":30},{"conditionParam1":0,"conditionParam2":0,"conditionType":0,"rating":5,"skillId":24},{"conditionParam1":0,"conditionParam2":0,"conditionType":0,"rating":5,"skillId":17},{"conditionParam1":0,"conditionParam2":0,"conditionType":0,"rating":3,"skillId":6},{"conditionParam1":0,"conditionParam2":0,"conditionType":0,"rating":5,"skillId":15},{"conditionParam1":0,"conditionParam2":0,"conditionType":0,"rating":5,"skillId":9},{"conditionParam1":0,"conditionParam2":0,"conditionType":0,"rating":5,"skillId":8},{"conditionParam1":0,"conditionParam2":0,"conditionType":0,"rating":5,"skillId":36}],"battlerHue":0,"battlerName":"毛概","dropItems":[{"kind":1,"dataId":25,"denominator":10},{"kind":1,"dataId":23,"denominator":10},{"kind":1,"dataId":17,"denominator":10}],"exp":2600,"traits":[{"code":22,"dataId":0,"value":0.95},{"code":22,"dataId":1,"value":0.05},{"code":31,"dataId":7,"value":0},{"code":11,"dataId":4,"value":0.5},{"code":11,"dataId":8,"value":2}],"gold":12,"name":"毛概（成熟期）","note":"","params":[3000,500,80,80,80,80,80,80]},
{"id":22,"actions":[{"conditionParam1":0,"conditionParam2":0,"conditionType":0,"rating":7,"skillId":1},{"conditionParam1":0,"conditionParam2":0,"conditionType":0,"rating":7,"skillId":31},{"conditionParam1":0,"conditionParam2":0,"conditionType":0,"rating":7,"skillId":24},{"conditionParam1":0,"conditionParam2":0,"conditionType":0,"rating":5,"skillId":12},{"conditionParam1":0,"conditionParam2":0,"conditionType":0,"rating":3,"skillId":6},{"conditionParam1":0,"conditionParam2":0,"conditionType":0,"rating":5,"skillId":23},{"conditionParam1":0,"conditionParam2":0,"conditionType":0,"rating":5,"skillId":14},{"conditionParam1":0,"conditionParam2":0,"conditionType":0,"rating":5,"skillId":13},{"conditionParam1":0,"conditionParam2":0,"conditionType":0,"rating":5,"skillId":8},{"conditionParam1":0,"conditionParam2":0,"conditionType":0,"rating":7,"skillId":25},{"conditionParam1":0,"conditionParam2":0,"conditionType":0,"rating":7,"skillId":27},{"conditionParam1":0,"conditionParam2":0,"conditionType":0,"rating":7,"skillId":28},{"conditionParam1":0,"conditionParam2":0,"conditionType":0,"rating":7,"skillId":26},{"conditionParam1":0,"conditionParam2":0,"conditionType":0,"rating":5,"skillId":39}],"battlerHue":0,"battlerName":"工图","dropItems":[{"kind":1,"dataId":20,"denominator":10},{"kind":1,"dataId":31,"denominator":10},{"kind":1,"dataId":22,"denominator":10}],"exp":3600,"traits":[{"code":22,"dataId":0,"value":0.95},{"code":22,"dataId":1,"value":0.05},{"code":31,"dataId":7,"value":0},{"code":11,"dataId":4,"value":0.5},{"code":11,"dataId":8,"value":2}],"gold":25,"name":"工图（完全体）","note":"","params":[4000,500,120,120,120,120,120,120]},
{"id":23,"actions":[{"conditionParam1":0,"conditionParam2":0,"conditionType":0,"rating":5,"skillId":1},{"conditionParam1":0,"conditionParam2":0,"conditionType":0,"rating":5,"skillId":10}],"battlerHue":0,"battlerName":"言情","dropItems":[{"kind":1,"dataId":2,"denominator":1000},{"kind":2,"dataId":2,"denominator":1000},{"kind":3,"dataId":3,"denominator":1000}],"exp":30,"traits":[{"code":22,"dataId":0,"value":0.95},{"code":22,"dataId":1,"value":0.05},{"code":31,"dataId":7,"value":0},{"code":11,"dataId":5,"value":0.5},{"code":11,"dataId":4,"value":2}],"gold":3,"name":"言情（婴儿期）","note":"","params":[150,500,10,10,10,10,10,10]},
{"id":24,"actions":[{"conditionParam1":0,"conditionParam2":0,"conditionType":0,"rating":5,"skillId":1},{"conditionParam1":0,"conditionParam2":0,"conditionType":0,"rating":5,"skillId":3},{"conditionParam1":0,"conditionParam2":0,"conditionType":0,"rating":5,"skillId":13},{"conditionParam1":0,"conditionParam2":0,"conditionType":0,"rating":5,"skillId":2},{"conditionParam1":0,"conditionParam2":0,"conditionType":0,"rating":5,"skillId":8},{"conditionParam1":0,"conditionParam2":0,"conditionType":0,"rating":5,"skillId":38}],"battlerHue":0,"battlerName":"科幻","dropItems":[{"kind":1,"dataId":21,"denominator":10},{"dataId":1,"denominator":1,"kind":0},{"dataId":1,"denominator":1,"kind":0}],"exp":400,"traits":[{"code":22,"dataId":0,"value":0.95},{"code":22,"dataId":1,"value":0.05},{"code":31,"dataId":7,"value":0},{"code":11,"dataId":5,"value":0.5},{"code":11,"dataId":4,"value":2}],"gold":6,"name":"科幻（幼年期）","note":"","params":[900,500,30,30,30,30,30,30]},
{"id":25,"actions":[{"conditionParam1":0,"conditionParam2":0,"conditionType":0,"rating":5,"skillId":1},{"conditionParam1":0,"conditionParam2":0,"conditionType":0,"rating":5,"skillId":29},{"conditionParam1":0,"conditionParam2":0,"conditionType":0,"rating":5,"skillId":3},{"conditionParam1":0,"conditionParam2":0,"conditionType":0,"rating":5,"skillId":9},{"conditionParam1":0,"conditionParam2":0,"conditionType":0,"rating":3,"skillId":6},{"conditionParam1":0,"conditionParam2":0,"conditionType":0,"rating":5,"skillId":8},{"conditionParam1":0,"conditionParam2":0,"conditionType":0,"rating":5,"skillId":39}],"battlerHue":0,"battlerName":"ps","dropItems":[{"kind":1,"dataId":17,"denominator":10},{"dataId":1,"denominator":1,"kind":0},{"dataId":1,"denominator":1,"kind":0}],"exp":1400,"traits":[{"code":22,"dataId":0,"value":0.95},{"code":22,"dataId":1,"value":0.05},{"code":31,"dataId":7,"value":0},{"code":11,"dataId":5,"value":0.5},{"code":11,"dataId":4,"value":2}],"gold":9,"name":"PS（成长期）","note":"","params":[2000,500,60,60,60,60,60,60]},
{"id":26,"actions":[{"conditionParam1":0,"conditionParam2":0,"conditionType":0,"rating":5,"skillId":1},{"conditionParam1":0,"conditionParam2":0,"conditionType":0,"rating":5,"skillId":30},{"conditionParam1":0,"conditionParam2":0,"conditionType":0,"rating":5,"skillId":24},{"conditionParam1":0,"conditionParam2":0,"conditionType":0,"rating":5,"skillId":11},{"conditionParam1":0,"conditionParam2":0,"conditionType":0,"rating":3,"skillId":6},{"conditionParam1":0,"conditionParam2":0,"conditionType":0,"rating":5,"skillId":20},{"conditionParam1":0,"conditionParam2":0,"conditionType":0,"rating":5,"skillId":8},{"conditionParam1":0,"conditionParam2":0,"conditionType":0,"rating":5,"skillId":39}],"battlerHue":0,"battlerName":"设计","dropItems":[{"kind":1,"dataId":19,"denominator":10},{"kind":1,"dataId":28,"denominator":10},{"dataId":1,"denominator":1,"kind":0}],"exp":2600,"traits":[{"code":22,"dataId":0,"value":0.95},{"code":22,"dataId":1,"value":0.05},{"code":31,"dataId":7,"value":0},{"code":11,"dataId":5,"value":0.5},{"code":11,"dataId":4,"value":2}],"gold":12,"name":"设计（成熟期）","note":"","params":[3000,500,80,80,80,80,80,80]},
{"id":27,"actions":[{"conditionParam1":0,"conditionParam2":0,"conditionType":0,"rating":7,"skillId":1},{"conditionParam1":0,"conditionParam2":0,"conditionType":0,"rating":7,"skillId":31},{"conditionParam1":0,"conditionParam2":0,"conditionType":0,"rating":7,"skillId":24},{"conditionParam1":0,"conditionParam2":0,"conditionType":0,"rating":5,"skillId":12},{"conditionParam1":0,"conditionParam2":0,"conditionType":0,"rating":3,"skillId":6},{"conditionParam1":0,"conditionParam2":0,"conditionType":0,"rating":5,"skillId":15},{"conditionParam1":0,"conditionParam2":0,"conditionType":0,"rating":5,"skillId":14},{"conditionParam1":0,"conditionParam2":0,"conditionType":0,"rating":5,"skillId":8},{"conditionParam1":0,"conditionParam2":0,"conditionType":0,"rating":7,"skillId":25},{"conditionParam1":0,"conditionParam2":0,"conditionType":0,"rating":7,"skillId":27},{"conditionParam1":0,"conditionParam2":0,"conditionType":0,"rating":7,"skillId":28},{"conditionParam1":0,"conditionParam2":0,"conditionType":0,"rating":7,"skillId":26},{"conditionParam1":0,"conditionParam2":0,"conditionType":0,"rating":5,"skillId":37}],"battlerHue":0,"battlerName":"计网","dropItems":[{"kind":1,"dataId":20,"denominator":10},{"kind":1,"dataId":23,"denominator":10},{"kind":1,"dataId":22,"denominator":10}],"exp":3600,"traits":[{"code":22,"dataId":0,"value":0.95},{"code":22,"dataId":1,"value":0.05},{"code":31,"dataId":7,"value":0},{"code":11,"dataId":5,"value":0.5},{"code":11,"dataId":4,"value":2}],"gold":25,"name":"网络（完全体）","note":"","params":[4000,500,120,120,120,120,120,120]},
{"id":28,"actions":[{"conditionParam1":0,"conditionParam2":0,"conditionType":0,"rating":5,"skillId":1},{"conditionParam1":0,"conditionParam2":0,"conditionType":0,"rating":5,"skillId":3},{"conditionParam1":0,"conditionParam2":0,"conditionType":0,"rating":5,"skillId":11},{"conditionParam1":0,"conditionParam2":0,"conditionType":0,"rating":5,"skillId":2},{"conditionParam1":0,"conditionParam2":0,"conditionType":0,"rating":5,"skillId":8},{"conditionParam1":0,"conditionParam2":0,"conditionType":0,"rating":5,"skillId":36}],"battlerHue":0,"battlerName":"诗歌","dropItems":[{"kind":1,"dataId":19,"denominator":10},{"dataId":1,"denominator":1,"kind":0},{"dataId":1,"denominator":1,"kind":0}],"exp":400,"traits":[{"code":22,"dataId":0,"value":0.95},{"code":22,"dataId":1,"value":0.05},{"code":31,"dataId":3,"value":0},{"code":11,"dataId":6,"value":0.5},{"code":11,"dataId":9,"value":2}],"gold":6,"name":"诗歌（幼年期）","note":"","params":[900,500,30,30,30,30,30,30]},
{"id":29,"actions":[{"conditionParam1":0,"conditionParam2":0,"conditionType":0,"rating":5,"skillId":1},{"conditionParam1":0,"conditionParam2":0,"conditionType":0,"rating":5,"skillId":29},{"conditionParam1":0,"conditionParam2":0,"conditionType":0,"rating":5,"skillId":24},{"conditionParam1":0,"conditionParam2":0,"conditionType":0,"rating":5,"skillId":15},{"conditionParam1":0,"conditionParam2":0,"conditionType":0,"rating":3,"skillId":6},{"conditionParam1":0,"conditionParam2":0,"conditionType":0,"rating":5,"skillId":8},{"conditionParam1":0,"conditionParam2":0,"conditionType":0,"rating":5,"skillId":35}],"battlerHue":0,"battlerName":"电影","dropItems":[{"kind":1,"dataId":23,"denominator":10},{"dataId":1,"denominator":1,"kind":0},{"dataId":1,"denominator":1,"kind":0}],"exp":1400,"traits":[{"code":22,"dataId":0,"value":0.95},{"code":22,"dataId":1,"value":0.05},{"code":31,"dataId":3,"value":0},{"code":11,"dataId":6,"value":0.5},{"code":11,"dataId":9,"value":2}],"gold":9,"name":"电影（成长期）","note":"","params":[2000,500,60,60,60,60,60,60]},
{"id":30,"actions":[{"conditionParam1":0,"conditionParam2":0,"conditionType":0,"rating":5,"skillId":1},{"conditionParam1":0,"conditionParam2":0,"conditionType":0,"rating":5,"skillId":30},{"conditionParam1":0,"conditionParam2":0,"conditionType":0,"rating":5,"skillId":24},{"conditionParam1":0,"conditionParam2":0,"conditionType":0,"rating":5,"skillId":12},{"conditionParam1":0,"conditionParam2":0,"conditionType":0,"rating":3,"skillId":6},{"conditionParam1":0,"conditionParam2":0,"conditionType":0,"rating":5,"skillId":14},{"conditionParam1":0,"conditionParam2":0,"conditionType":0,"rating":5,"skillId":8},{"conditionParam1":0,"conditionParam2":0,"conditionType":0,"rating":5,"skillId":38}],"battlerHue":0,"battlerName":"电机","dropItems":[{"kind":1,"dataId":20,"denominator":10},{"kind":1,"dataId":22,"denominator":10},{"dataId":1,"denominator":1,"kind":0}],"exp":2600,"traits":[{"code":22,"dataId":0,"value":0.95},{"code":22,"dataId":1,"value":0.05},{"code":31,"dataId":3,"value":0},{"code":11,"dataId":6,"value":0.5},{"code":11,"dataId":9,"value":2}],"gold":12,"name":"电机（成熟期）","note":"","params":[3000,500,80,80,80,80,80,80]},
{"id":31,"actions":[{"conditionParam1":0,"conditionParam2":0,"conditionType":0,"rating":7,"skillId":1},{"conditionParam1":0,"conditionParam2":0,"conditionType":0,"rating":7,"skillId":31},{"conditionParam1":0,"conditionParam2":0,"conditionType":0,"rating":7,"skillId":24},{"conditionParam1":0,"conditionParam2":0,"conditionType":0,"rating":5,"skillId":12},{"conditionParam1":0,"conditionParam2":0,"conditionType":0,"rating":3,"skillId":6},{"conditionParam1":0,"conditionParam2":0,"conditionType":0,"rating":5,"skillId":15},{"conditionParam1":0,"conditionParam2":0,"conditionType":0,"rating":5,"skillId":10},{"conditionParam1":0,"conditionParam2":0,"conditionType":0,"rating":5,"skillId":8},{"conditionParam1":0,"conditionParam2":0,"conditionType":0,"rating":7,"skillId":25},{"conditionParam1":0,"conditionParam2":0,"conditionType":0,"rating":7,"skillId":27},{"conditionParam1":0,"conditionParam2":0,"conditionType":0,"rating":7,"skillId":28},{"conditionParam1":0,"conditionParam2":0,"conditionType":0,"rating":7,"skillId":26},{"conditionParam1":0,"conditionParam2":0,"conditionType":0,"rating":5,"skillId":39}],"battlerHue":0,"battlerName":"电脑人","dropItems":[{"kind":1,"dataId":20,"denominator":10},{"kind":1,"dataId":23,"denominator":10},{"kind":1,"dataId":18,"denominator":10}],"exp":3600,"traits":[{"code":22,"dataId":0,"value":0.95},{"code":22,"dataId":1,"value":0.05},{"code":31,"dataId":3,"value":0},{"code":11,"dataId":6,"value":0.5},{"code":11,"dataId":9,"value":2}],"gold":25,"name":"电脑（完全体）","note":"","params":[4000,500,120,120,120,120,120,120]},
{"id":32,"actions":[{"conditionParam1":0,"conditionParam2":0,"conditionType":0,"rating":5,"skillId":1},{"conditionParam1":0,"conditionParam2":0,"conditionType":0,"rating":5,"skillId":3},{"conditionParam1":0,"conditionParam2":0,"conditionType":0,"rating":5,"skillId":13},{"conditionParam1":0,"conditionParam2":0,"conditionType":0,"rating":5,"skillId":19},{"conditionParam1":0,"conditionParam2":0,"conditionType":0,"rating":5,"skillId":8},{"conditionParam1":0,"conditionParam2":0,"conditionType":0,"rating":5,"skillId":39}],"battlerHue":0,"battlerName":"网球人","dropItems":[{"kind":1,"dataId":21,"denominator":10},{"kind":1,"dataId":27,"denominator":10},{"dataId":1,"denominator":1,"kind":0}],"exp":400,"traits":[{"code":22,"dataId":0,"value":0.95},{"code":22,"dataId":1,"value":0.05},{"code":31,"dataId":6,"value":0},{"code":11,"dataId":4,"value":0.5},{"code":11,"dataId":3,"value":2}],"gold":6,"name":"网球（幼年期）","note":"","params":[900,500,30,30,30,30,30,30]},
{"id":33,"actions":[{"conditionParam1":0,"conditionParam2":0,"conditionType":0,"rating":5,"skillId":1},{"conditionParam1":0,"conditionParam2":0,"conditionType":0,"rating":5,"skillId":29},{"conditionParam1":0,"conditionParam2":0,"conditionType":0,"rating":5,"skillId":24},{"conditionParam1":0,"conditionParam2":0,"conditionType":0,"rating":5,"skillId":11},{"conditionParam1":0,"conditionParam2":0,"conditionType":0,"rating":3,"skillId":6},{"conditionParam1":0,"conditionParam2":0,"conditionType":0,"rating":5,"skillId":8},{"conditionParam1":0,"conditionParam2":0,"conditionType":0,"rating":5,"skillId":39}],"battlerHue":0,"battlerName":"网球拍","dropItems":[{"kind":1,"dataId":19,"denominator":10},{"dataId":1,"denominator":1,"kind":0},{"dataId":1,"denominator":1,"kind":0}],"exp":1400,"traits":[{"code":22,"dataId":0,"value":0.95},{"code":22,"dataId":1,"value":0.05},{"code":31,"dataId":6,"value":0},{"code":11,"dataId":4,"value":0.5},{"code":11,"dataId":3,"value":2}],"gold":9,"name":"球拍（成长期）","note":"","params":[2000,500,60,60,60,60,60,60]},
{"id":34,"actions":[{"conditionParam1":0,"conditionParam2":0,"conditionType":0,"rating":5,"skillId":1},{"conditionParam1":0,"conditionParam2":0,"conditionType":0,"rating":5,"skillId":30},{"conditionParam1":0,"conditionParam2":0,"conditionType":0,"rating":5,"skillId":24},{"conditionParam1":0,"conditionParam2":0,"conditionType":0,"rating":5,"skillId":10},{"conditionParam1":0,"conditionParam2":0,"conditionType":0,"rating":3,"skillId":6},{"conditionParam1":0,"conditionParam2":0,"conditionType":0,"rating":5,"skillId":16},{"conditionParam1":0,"conditionParam2":0,"conditionType":0,"rating":5,"skillId":8},{"conditionParam1":0,"conditionParam2":0,"conditionType":0,"rating":5,"skillId":39}],"battlerHue":0,"battlerName":"网球老师","dropItems":[{"kind":1,"dataId":18,"denominator":10},{"kind":1,"dataId":24,"denominator":10},{"dataId":1,"denominator":1,"kind":0}],"exp":2600,"traits":[{"code":22,"dataId":0,"value":0.95},{"code":22,"dataId":1,"value":0.05},{"code":31,"dataId":6,"value":0},{"code":11,"dataId":4,"value":0.5},{"code":11,"dataId":3,"value":2}],"gold":12,"name":"网球老师（成熟期）","note":"","params":[3000,500,80,80,80,80,80,80]},
{"id":35,"actions":[{"conditionParam1":0,"conditionParam2":0,"conditionType":0,"rating":7,"skillId":1},{"conditionParam1":0,"conditionParam2":0,"conditionType":0,"rating":7,"skillId":31},{"conditionParam1":0,"conditionParam2":0,"conditionType":0,"rating":7,"skillId":24},{"conditionParam1":0,"conditionParam2":0,"conditionType":0,"rating":5,"skillId":19},{"conditionParam1":0,"conditionParam2":0,"conditionType":0,"rating":3,"skillId":6},{"conditionParam1":0,"conditionParam2":0,"conditionType":0,"rating":5,"skillId":14},{"conditionParam1":0,"conditionParam2":0,"conditionType":0,"rating":5,"skillId":9},{"conditionParam1":0,"conditionParam2":0,"conditionType":0,"rating":5,"skillId":8},{"conditionParam1":0,"conditionParam2":0,"conditionType":0,"rating":7,"skillId":25},{"conditionParam1":0,"conditionParam2":0,"conditionType":0,"rating":7,"skillId":27},{"conditionParam1":0,"conditionParam2":0,"conditionType":0,"rating":7,"skillId":28},{"conditionParam1":0,"conditionParam2":0,"conditionType":0,"rating":7,"skillId":26},{"conditionParam1":0,"conditionParam2":0,"conditionType":0,"rating":5,"skillId":40}],"battlerHue":0,"battlerName":"球场老大爷","dropItems":[{"kind":1,"dataId":27,"denominator":10},{"kind":1,"dataId":22,"denominator":10},{"kind":1,"dataId":17,"denominator":10}],"exp":3600,"traits":[{"code":22,"dataId":0,"value":0.95},{"code":22,"dataId":1,"value":0.05},{"code":31,"dataId":6,"value":0},{"code":11,"dataId":4,"value":0.5},{"code":11,"dataId":3,"value":2}],"gold":25,"name":"李娜（完全体）","note":"","params":[4000,500,120,120,120,120,120,120]},
{"id":36,"actions":[{"conditionParam1":0,"conditionParam2":0,"conditionType":0,"rating":5,"skillId":1},{"conditionParam1":0,"conditionParam2":0,"conditionType":0,"rating":5,"skillId":3},{"conditionParam1":0,"conditionParam2":0,"conditionType":0,"rating":5,"skillId":9},{"conditionParam1":0,"conditionParam2":0,"conditionType":0,"rating":5,"skillId":17},{"conditionParam1":0,"conditionParam2":0,"conditionType":0,"rating":5,"skillId":8},{"conditionParam1":0,"conditionParam2":0,"conditionType":0,"rating":5,"skillId":33}],"battlerHue":0,"battlerName":"篮球","dropItems":[{"kind":1,"dataId":17,"denominator":10},{"kind":1,"dataId":25,"denominator":10},{"dataId":1,"denominator":1,"kind":0}],"exp":400,"traits":[{"code":22,"dataId":0,"value":0.95},{"code":22,"dataId":1,"value":0.05},{"code":31,"dataId":2,"value":0},{"code":11,"dataId":4,"value":0.5},{"code":11,"dataId":7,"value":2}],"gold":6,"name":"篮球（幼年期）","note":"","params":[900,500,30,30,30,30,30,30]},
{"id":37,"actions":[{"conditionParam1":0,"conditionParam2":0,"conditionType":0,"rating":5,"skillId":1},{"conditionParam1":0,"conditionParam2":0,"conditionType":0,"rating":5,"skillId":29},{"conditionParam1":0,"conditionParam2":0,"conditionType":0,"rating":5,"skillId":24},{"conditionParam1":0,"conditionParam2":0,"conditionType":0,"rating":5,"skillId":13},{"conditionParam1":0,"conditionParam2":0,"conditionType":0,"rating":3,"skillId":6},{"conditionParam1":0,"conditionParam2":0,"conditionType":0,"rating":5,"skillId":8},{"conditionParam1":0,"conditionParam2":0,"conditionType":0,"rating":5,"skillId":35}],"battlerHue":0,"battlerName":"篮筐","dropItems":[{"kind":1,"dataId":21,"denominator":10},{"dataId":1,"denominator":1,"kind":0},{"dataId":1,"denominator":1,"kind":0}],"exp":1400,"traits":[{"code":22,"dataId":0,"value":0.95},{"code":22,"dataId":1,"value":0.05},{"code":31,"dataId":2,"value":0},{"code":11,"dataId":4,"value":0.5},{"code":11,"dataId":7,"value":2}],"gold":9,"name":"球筐（成长期）","note":"","params":[2000,500,60,60,60,60,60,60]},
{"id":38,"actions":[{"conditionParam1":0,"conditionParam2":0,"conditionType":0,"rating":5,"skillId":1},{"conditionParam1":0,"conditionParam2":0,"conditionType":0,"rating":5,"skillId":30},{"conditionParam1":0,"conditionParam2":0,"conditionType":0,"rating":5,"skillId":24},{"conditionParam1":0,"conditionParam2":0,"conditionType":0,"rating":5,"skillId":13},{"conditionParam1":0,"conditionParam2":0,"conditionType":0,"rating":3,"skillId":6},{"conditionParam1":0,"conditionParam2":0,"conditionType":0,"rating":5,"skillId":14},{"conditionParam1":0,"conditionParam2":0,"conditionType":0,"rating":5,"skillId":8},{"conditionParam1":0,"conditionParam2":0,"conditionType":0,"rating":5,"skillId":38}],"battlerHue":0,"battlerName":"Slime","dropItems":[{"kind":1,"dataId":21,"denominator":10},{"kind":1,"dataId":22,"denominator":10},{"dataId":1,"denominator":1,"kind":0}],"exp":2600,"traits":[{"code":22,"dataId":0,"value":0.95},{"code":22,"dataId":1,"value":0.05},{"code":31,"dataId":2,"value":0},{"code":11,"dataId":4,"value":0.5},{"code":11,"dataId":7,"value":2}],"gold":12,"name":"篮板（成熟期）","note":"","params":[3000,500,80,80,80,80,80,80]},
{"id":39,"actions":[{"conditionParam1":0,"conditionParam2":0,"conditionType":0,"rating":7,"skillId":1},{"conditionParam1":0,"conditionParam2":0,"conditionType":0,"rating":7,"skillId":31},{"conditionParam1":0,"conditionParam2":0,"conditionType":0,"rating":7,"skillId":24},{"conditionParam1":0,"conditionParam2":0,"conditionType":0,"rating":5,"skillId":18},{"conditionParam1":0,"conditionParam2":0,"conditionType":0,"rating":3,"skillId":6},{"conditionParam1":0,"conditionParam2":0,"conditionType":0,"rating":5,"skillId":16},{"conditionParam1":0,"conditionParam2":0,"conditionType":0,"rating":5,"skillId":20},{"conditionParam1":0,"conditionParam2":0,"conditionType":0,"rating":5,"skillId":8},{"conditionParam1":0,"conditionParam2":0,"conditionType":0,"rating":7,"skillId":25},{"conditionParam1":0,"conditionParam2":0,"conditionType":0,"rating":7,"skillId":27},{"conditionParam1":0,"conditionParam2":0,"conditionType":0,"rating":7,"skillId":28},{"conditionParam1":0,"conditionParam2":0,"conditionType":0,"rating":7,"skillId":26},{"conditionParam1":0,"conditionParam2":0,"conditionType":0,"rating":5,"skillId":37}],"battlerHue":0,"battlerName":"姚明","dropItems":[{"kind":1,"dataId":26,"denominator":10},{"kind":1,"dataId":24,"denominator":10},{"kind":1,"dataId":28,"denominator":10}],"exp":3600,"traits":[{"code":22,"dataId":0,"value":0.95},{"code":22,"dataId":1,"value":0.05},{"code":31,"dataId":2,"value":0},{"code":11,"dataId":4,"value":0.5},{"code":11,"dataId":7,"value":2}],"gold":25,"name":"姚明（完全体）","note":"","params":[4000,500,120,120,120,120,120,120]},
{"id":40,"actions":[{"conditionParam1":0,"conditionParam2":0,"conditionType":0,"rating":7,"skillId":1},{"conditionParam1":0,"conditionParam2":0,"conditionType":0,"rating":7,"skillId":32},{"conditionParam1":0,"conditionParam2":0,"conditionType":0,"rating":7,"skillId":24},{"conditionParam1":0,"conditionParam2":0,"conditionType":0,"rating":5,"skillId":14},{"conditionParam1":0,"conditionParam2":0,"conditionType":0,"rating":3,"skillId":6},{"conditionParam1":0,"conditionParam2":0,"conditionType":0,"rating":5,"skillId":18},{"conditionParam1":0,"conditionParam2":0,"conditionType":0,"rating":5,"skillId":16},{"conditionParam1":0,"conditionParam2":0,"conditionType":0,"rating":5,"skillId":15},{"conditionParam1":0,"conditionParam2":0,"conditionType":0,"rating":5,"skillId":12},{"conditionParam1":0,"conditionParam2":0,"conditionType":0,"rating":5,"skillId":17},{"conditionParam1":0,"conditionParam2":0,"conditionType":0,"rating":5,"skillId":8},{"conditionParam1":0,"conditionParam2":0,"conditionType":0,"rating":7,"skillId":25},{"conditionParam1":0,"conditionParam2":0,"conditionType":0,"rating":5,"skillId":38},{"conditionParam1":0,"conditionParam2":0,"conditionType":0,"rating":7,"skillId":27},{"conditionParam1":0,"conditionParam2":0,"conditionType":0,"rating":7,"skillId":28},{"conditionParam1":0,"conditionParam2":0,"conditionType":0,"rating":7,"skillId":26}],"battlerHue":0,"battlerName":"爱广bigboss","dropItems":[{"kind":1,"dataId":22,"denominator":10},{"kind":1,"dataId":26,"denominator":10},{"kind":1,"dataId":24,"denominator":10}],"exp":5000,"traits":[{"code":22,"dataId":0,"value":0.95},{"code":22,"dataId":1,"value":0.05},{"code":31,"dataId":9,"value":0},{"code":11,"dataId":7,"value":0.5},{"code":11,"dataId":5,"value":2}],"gold":50,"name":"爱因斯坦（究极体）","note":"","params":[5000,500,150,150,150,150,150,150]},
{"id":41,"actions":[{"conditionParam1":0,"conditionParam2":0,"conditionType":0,"rating":5,"skillId":1},{"conditionParam1":0,"conditionParam2":0,"conditionType":0,"rating":3,"skillId":17}],"battlerHue":0,"battlerName":"试管","dropItems":[{"kind":1,"dataId":3,"denominator":1000},{"kind":1,"dataId":4,"denominator":1000},{"kind":3,"dataId":3,"denominator":1000}],"exp":30,"traits":[{"code":22,"dataId":0,"value":0.95},{"code":22,"dataId":1,"value":0.05},{"code":31,"dataId":4,"value":0},{"code":11,"dataId":9,"value":0.5},{"code":11,"dataId":2,"value":2}],"gold":3,"name":"试管（婴儿期）","note":"","params":[150,500,10,10,10,10,10,10]},
{"id":42,"actions":[{"conditionParam1":0,"conditionParam2":0,"conditionType":0,"rating":5,"skillId":1},{"conditionParam1":0,"conditionParam2":0,"conditionType":0,"rating":5,"skillId":3},{"conditionParam1":0,"conditionParam2":0,"conditionType":0,"rating":5,"skillId":9},{"conditionParam1":0,"conditionParam2":0,"conditionType":0,"rating":5,"skillId":2},{"conditionParam1":0,"conditionParam2":0,"conditionType":0,"rating":5,"skillId":8},{"conditionParam1":0,"conditionParam2":0,"conditionType":0,"rating":5,"skillId":39}],"battlerHue":0,"battlerName":"C语言","dropItems":[{"kind":1,"dataId":17,"denominator":10},{"dataId":1,"denominator":1,"kind":0},{"dataId":1,"denominator":1,"kind":0}],"exp":400,"traits":[{"code":22,"dataId":0,"value":0.95},{"code":22,"dataId":1,"value":0.05},{"code":31,"dataId":4,"value":0},{"code":11,"dataId":9,"value":0.5},{"code":11,"dataId":2,"value":2}],"gold":6,"name":"C语言（幼年期）","note":"","params":[900,500,30,30,30,30,30,30]},
{"id":43,"actions":[{"conditionParam1":0,"conditionParam2":0,"conditionType":0,"rating":5,"skillId":1},{"conditionParam1":0,"conditionParam2":0,"conditionType":0,"rating":5,"skillId":29},{"conditionParam1":0,"conditionParam2":0,"conditionType":0,"rating":5,"skillId":3},{"conditionParam1":0,"conditionParam2":0,"conditionType":0,"rating":5,"skillId":14},{"conditionParam1":0,"conditionParam2":0,"conditionType":0,"rating":3,"skillId":6},{"conditionParam1":0,"conditionParam2":0,"conditionType":0,"rating":5,"skillId":8},{"conditionParam1":0,"conditionParam2":0,"conditionType":0,"rating":5,"skillId":40}],"battlerHue":0,"battlerName":"python","dropItems":[{"kind":1,"dataId":22,"denominator":10},{"dataId":1,"denominator":1,"kind":0},{"dataId":1,"denominator":1,"kind":0}],"exp":1400,"traits":[{"code":22,"dataId":0,"value":0.95},{"code":22,"dataId":1,"value":0.05},{"code":31,"dataId":4,"value":0},{"code":11,"dataId":9,"value":0.5},{"code":11,"dataId":2,"value":2}],"gold":9,"name":"Python（成长期）","note":"","params":[2000,500,60,60,60,60,60,60]},
{"id":44,"actions":[{"conditionParam1":0,"conditionParam2":0,"conditionType":0,"rating":5,"skillId":1},{"conditionParam1":0,"conditionParam2":0,"conditionType":0,"rating":5,"skillId":30},{"conditionParam1":0,"conditionParam2":0,"conditionType":0,"rating":5,"skillId":24},{"conditionParam1":0,"conditionParam2":0,"conditionType":0,"rating":5,"skillId":10},{"conditionParam1":0,"conditionParam2":0,"conditionType":0,"rating":3,"skillId":6},{"conditionParam1":0,"conditionParam2":0,"conditionType":0,"rating":5,"skillId":15},{"conditionParam1":0,"conditionParam2":0,"conditionType":0,"rating":5,"skillId":8},{"conditionParam1":0,"conditionParam2":0,"conditionType":0,"rating":5,"skillId":38}],"battlerHue":0,"battlerName":"matlab","dropItems":[{"kind":1,"dataId":18,"denominator":10},{"kind":1,"dataId":23,"denominator":10},{"dataId":1,"denominator":1,"kind":0}],"exp":2600,"traits":[{"code":22,"dataId":0,"value":0.95},{"code":22,"dataId":1,"value":0.05},{"code":31,"dataId":4,"value":0},{"code":11,"dataId":9,"value":0.5},{"code":11,"dataId":2,"value":2}],"gold":12,"name":"Matlab（成熟期）","note":"","params":[3000,500,80,80,80,80,80,80]},
{"id":45,"actions":[{"conditionParam1":0,"conditionParam2":0,"conditionType":0,"rating":7,"skillId":1},{"conditionParam1":0,"conditionParam2":0,"conditionType":0,"rating":7,"skillId":31},{"conditionParam1":0,"conditionParam2":0,"conditionType":0,"rating":7,"skillId":24},{"conditionParam1":0,"conditionParam2":0,"conditionType":0,"rating":5,"skillId":22},{"conditionParam1":0,"conditionParam2":0,"conditionType":0,"rating":3,"skillId":6},{"conditionParam1":0,"conditionParam2":0,"conditionType":0,"rating":5,"skillId":15},{"conditionParam1":0,"conditionParam2":0,"conditionType":0,"rating":5,"skillId":12},{"conditionParam1":0,"conditionParam2":0,"conditionType":0,"rating":5,"skillId":14},{"conditionParam1":0,"conditionParam2":0,"conditionType":0,"rating":5,"skillId":8},{"conditionParam1":0,"conditionParam2":0,"conditionType":0,"rating":7,"skillId":25},{"conditionParam1":0,"conditionParam2":0,"conditionType":0,"rating":7,"skillId":27},{"conditionParam1":0,"conditionParam2":0,"conditionType":0,"rating":7,"skillId":28},{"conditionParam1":0,"conditionParam2":0,"conditionType":0,"rating":7,"skillId":26},{"conditionParam1":0,"conditionParam2":0,"conditionType":0,"rating":5,"skillId":36}],"battlerHue":0,"battlerName":"comsol","dropItems":[{"kind":1,"dataId":30,"denominator":10},{"kind":1,"dataId":23,"denominator":10},{"kind":1,"dataId":22,"denominator":10}],"exp":3600,"traits":[{"code":22,"dataId":0,"value":0.95},{"code":22,"dataId":1,"value":0.05},{"code":31,"dataId":4,"value":0},{"code":11,"dataId":9,"value":0.5},{"code":11,"dataId":2,"value":2}],"gold":25,"name":"COMSOL（完全体）","note":"","params":[4000,500,120,120,120,120,120,120]},
{"id":46,"actions":[{"conditionParam1":0,"conditionParam2":0,"conditionType":0,"rating":5,"skillId":1},{"conditionParam1":0,"conditionParam2":0,"conditionType":0,"rating":3,"skillId":18}],"battlerHue":0,"battlerName":"口琴","dropItems":[{"kind":1,"dataId":3,"denominator":1000},{"kind":2,"dataId":2,"denominator":1000},{"kind":3,"dataId":3,"denominator":1000}],"exp":30,"traits":[{"code":22,"dataId":0,"value":0.95},{"code":22,"dataId":1,"value":0.05},{"code":31,"dataId":9,"value":0},{"code":11,"dataId":6,"value":0.5},{"code":11,"dataId":8,"value":2}],"gold":3,"name":"口琴（婴儿期）","note":"","params":[150,500,10,10,10,10,10,10]},
{"id":47,"actions":[{"conditionParam1":0,"conditionParam2":0,"conditionType":0,"rating":5,"skillId":1},{"conditionParam1":0,"conditionParam2":0,"conditionType":0,"rating":5,"skillId":3},{"conditionParam1":0,"conditionParam2":0,"conditionType":0,"rating":5,"skillId":11},{"conditionParam1":0,"conditionParam2":0,"conditionType":0,"rating":5,"skillId":2},{"conditionParam1":0,"conditionParam2":0,"conditionType":0,"rating":5,"skillId":8},{"conditionParam1":0,"conditionParam2":0,"conditionType":0,"rating":5,"skillId":36}],"battlerHue":0,"battlerName":"笛子","dropItems":[{"kind":1,"dataId":19,"denominator":10},{"dataId":1,"denominator":1,"kind":0},{"dataId":1,"denominator":1,"kind":0}],"exp":400,"traits":[{"code":22,"dataId":0,"value":0.95},{"code":22,"dataId":1,"value":0.05},{"code":31,"dataId":9,"value":0},{"code":11,"dataId":6,"value":0.5},{"code":11,"dataId":8,"value":2}],"gold":6,"name":"笛子（幼年期）","note":"","params":[900,500,30,30,30,30,30,30]},
{"id":48,"actions":[{"conditionParam1":0,"conditionParam2":0,"conditionType":0,"rating":5,"skillId":1},{"conditionParam1":0,"conditionParam2":0,"conditionType":0,"rating":5,"skillId":29},{"conditionParam1":0,"conditionParam2":0,"conditionType":0,"rating":5,"skillId":3},{"conditionParam1":0,"conditionParam2":0,"conditionType":0,"rating":5,"skillId":15},{"conditionParam1":0,"conditionParam2":0,"conditionType":0,"rating":3,"skillId":6},{"conditionParam1":0,"conditionParam2":0,"conditionType":0,"rating":5,"skillId":8},{"conditionParam1":0,"conditionParam2":0,"conditionType":0,"rating":5,"skillId":39}],"battlerHue":0,"battlerName":"钢琴人","dropItems":[{"kind":1,"dataId":23,"denominator":10},{"dataId":1,"denominator":1,"kind":0},{"dataId":1,"denominator":1,"kind":0}],"exp":1400,"traits":[{"code":22,"dataId":0,"value":0.95},{"code":22,"dataId":1,"value":0.05},{"code":31,"dataId":9,"value":0},{"code":11,"dataId":6,"value":0.5},{"code":11,"dataId":8,"value":2}],"gold":9,"name":"钢琴（成长期）","note":"","params":[2000,500,60,60,60,60,60,60]},
{"id":49,"actions":[{"conditionParam1":0,"conditionParam2":0,"conditionType":0,"rating":5,"skillId":1},{"conditionParam1":0,"conditionParam2":0,"conditionType":0,"rating":5,"skillId":30},{"conditionParam1":0,"conditionParam2":0,"conditionType":0,"rating":5,"skillId":24},{"conditionParam1":0,"conditionParam2":0,"conditionType":0,"rating":5,"skillId":16},{"conditionParam1":0,"conditionParam2":0,"conditionType":0,"rating":3,"skillId":6},{"conditionParam1":0,"conditionParam2":0,"conditionType":0,"rating":5,"skillId":18},{"conditionParam1":0,"conditionParam2":0,"conditionType":0,"rating":5,"skillId":8},{"conditionParam1":0,"conditionParam2":0,"conditionType":0,"rating":5,"skillId":40}],"battlerHue":0,"battlerName":"吉他","dropItems":[{"kind":1,"dataId":24,"denominator":10},{"kind":1,"dataId":26,"denominator":10},{"dataId":1,"denominator":1,"kind":0}],"exp":2600,"traits":[{"code":22,"dataId":0,"value":0.95},{"code":22,"dataId":1,"value":0.05},{"code":31,"dataId":9,"value":0},{"code":11,"dataId":6,"value":0.5},{"code":11,"dataId":8,"value":2}],"gold":12,"name":"吉他（成熟期）","note":"","params":[3000,500,80,80,80,80,80,80]},
{"id":50,"actions":[{"conditionParam1":0,"conditionParam2":0,"conditionType":0,"rating":7,"skillId":1},{"conditionParam1":0,"conditionParam2":0,"conditionType":0,"rating":7,"skillId":31},{"conditionParam1":0,"conditionParam2":0,"conditionType":0,"rating":7,"skillId":24},{"conditionParam1":0,"conditionParam2":0,"conditionType":0,"rating":5,"skillId":21},{"conditionParam1":0,"conditionParam2":0,"conditionType":0,"rating":3,"skillId":6},{"conditionParam1":0,"conditionParam2":0,"conditionType":0,"rating":5,"skillId":16},{"conditionParam1":0,"conditionParam2":0,"conditionType":0,"rating":5,"skillId":13},{"conditionParam1":0,"conditionParam2":0,"conditionType":0,"rating":5,"skillId":23},{"conditionParam1":0,"conditionParam2":0,"conditionType":0,"rating":5,"skillId":8},{"conditionParam1":0,"conditionParam2":0,"conditionType":0,"rating":7,"skillId":25},{"conditionParam1":0,"conditionParam2":0,"conditionType":0,"rating":7,"skillId":27},{"conditionParam1":0,"conditionParam2":0,"conditionType":0,"rating":7,"skillId":28},{"conditionParam1":0,"conditionParam2":0,"conditionType":0,"rating":7,"skillId":26},{"conditionParam1":0,"conditionParam2":0,"conditionType":0,"rating":5,"skillId":37}],"battlerHue":0,"battlerName":"小提琴","dropItems":[{"kind":1,"dataId":29,"denominator":10},{"kind":1,"dataId":24,"denominator":10},{"kind":1,"dataId":31,"denominator":10}],"exp":3600,"traits":[{"code":22,"dataId":0,"value":0.95},{"code":22,"dataId":1,"value":0.05},{"code":31,"dataId":9,"value":0},{"code":11,"dataId":6,"value":0.5},{"code":11,"dataId":8,"value":2}],"gold":25,"name":"小提琴（完全体）","note":"","params":[4000,500,120,120,120,120,120,120]},
{"id":51,"actions":[{"conditionParam1":0,"conditionParam2":0,"conditionType":0,"rating":7,"skillId":1},{"conditionParam1":0,"conditionParam2":0,"conditionType":0,"rating":7,"skillId":31},{"conditionParam1":0,"conditionParam2":0,"conditionType":0,"rating":7,"skillId":24},{"conditionParam1":0,"conditionParam2":0,"conditionType":0,"rating":5,"skillId":19},{"conditionParam1":0,"conditionParam2":0,"conditionType":0,"rating":3,"skillId":6},{"conditionParam1":0,"conditionParam2":0,"conditionType":0,"rating":5,"skillId":13},{"conditionParam1":0,"conditionParam2":0,"conditionType":0,"rating":5,"skillId":15},{"conditionParam1":0,"conditionParam2":0,"conditionType":0,"rating":5,"skillId":10},{"conditionParam1":0,"conditionParam2":0,"conditionType":0,"rating":5,"skillId":8},{"conditionParam1":0,"conditionParam2":0,"conditionType":0,"rating":7,"skillId":25},{"conditionParam1":0,"conditionParam2":0,"conditionType":0,"rating":7,"skillId":27},{"conditionParam1":0,"conditionParam2":0,"conditionType":0,"rating":7,"skillId":28},{"conditionParam1":0,"conditionParam2":0,"conditionType":0,"rating":7,"skillId":26},{"conditionParam1":0,"conditionParam2":0,"conditionType":0,"rating":5,"skillId":35}],"battlerHue":0,"battlerName":"大提琴","dropItems":[{"kind":1,"dataId":27,"denominator":10},{"kind":1,"dataId":21,"denominator":10},{"kind":1,"dataId":18,"denominator":10}],"exp":3600,"traits":[{"code":22,"dataId":0,"value":0.95},{"code":22,"dataId":1,"value":0.05},{"code":31,"dataId":9,"value":0},{"code":11,"dataId":6,"value":0.5},{"code":11,"dataId":8,"value":2}],"gold":25,"name":"大提琴（完全体）","note":"","params":[4000,500,120,120,120,120,120,120]},
{"id":52,"actions":[{"conditionParam1":0,"conditionParam2":0,"conditionType":0,"rating":7,"skillId":1},{"conditionParam1":0,"conditionParam2":0,"conditionType":0,"rating":7,"skillId":32},{"conditionParam1":0,"conditionParam2":0,"conditionType":0,"rating":7,"skillId":24},{"conditionParam1":0,"conditionParam2":0,"conditionType":0,"rating":5,"skillId":14},{"conditionParam1":0,"conditionParam2":0,"conditionType":0,"rating":3,"skillId":6},{"conditionParam1":0,"conditionParam2":0,"conditionType":0,"rating":5,"skillId":11},{"conditionParam1":0,"conditionParam2":0,"conditionType":0,"rating":5,"skillId":16},{"conditionParam1":0,"conditionParam2":0,"conditionType":0,"rating":5,"skillId":15},{"conditionParam1":0,"conditionParam2":0,"conditionType":0,"rating":5,"skillId":20},{"conditionParam1":0,"conditionParam2":0,"conditionType":0,"rating":5,"skillId":23},{"conditionParam1":0,"conditionParam2":0,"conditionType":0,"rating":5,"skillId":8},{"conditionParam1":0,"conditionParam2":0,"conditionType":0,"rating":7,"skillId":25},{"conditionParam1":0,"conditionParam2":0,"conditionType":0,"rating":7,"skillId":27},{"conditionParam1":0,"conditionParam2":0,"conditionType":0,"rating":7,"skillId":28},{"conditionParam1":0,"conditionParam2":0,"conditionType":0,"rating":7,"skillId":26},{"conditionParam1":0,"conditionParam2":0,"conditionType":0,"rating":5,"skillId":37}],"battlerHue":0,"battlerName":"网球王子","dropItems":[{"kind":1,"dataId":22,"denominator":10},{"kind":1,"dataId":19,"denominator":10},{"kind":1,"dataId":28,"denominator":10}],"exp":5000,"traits":[{"code":22,"dataId":0,"value":0.95},{"code":22,"dataId":1,"value":0.05},{"code":31,"dataId":2,"value":0},{"code":11,"dataId":7,"value":0.5},{"code":11,"dataId":8,"value":2}],"gold":50,"name":"越前龙马（究极体）","note":"","params":[4500,500,150,150,150,150,150,150]},
{"id":53,"actions":[{"conditionParam1":0,"conditionParam2":0,"conditionType":0,"rating":5,"skillId":1}],"battlerHue":0,"battlerName":"","dropItems":[{"dataId":1,"denominator":1,"kind":0},{"dataId":1,"denominator":1,"kind":0},{"dataId":1,"denominator":1,"kind":0}],"exp":0,"traits":[{"code":22,"dataId":0,"value":0.95},{"code":22,"dataId":1,"value":0.05},{"code":31,"dataId":1,"value":0}],"gold":0,"name":"","note":"","params":[100,0,10,10,10,10,10,10]},
{"id":54,"actions":[{"conditionParam1":0,"conditionParam2":0,"conditionType":0,"rating":5,"skillId":1}],"battlerHue":0,"battlerName":"","dropItems":[{"dataId":1,"denominator":1,"kind":0},{"dataId":1,"denominator":1,"kind":0},{"dataId":1,"denominator":1,"kind":0}],"exp":0,"traits":[{"code":22,"dataId":0,"value":0.95},{"code":22,"dataId":1,"value":0.05},{"code":31,"dataId":1,"value":0}],"gold":0,"name":"","note":"","params":[100,0,10,10,10,10,10,10]},
{"id":55,"actions":[{"conditionParam1":0,"conditionParam2":0,"conditionType":0,"rating":5,"skillId":1}],"battlerHue":0,"battlerName":"","dropItems":[{"dataId":1,"denominator":1,"kind":0},{"dataId":1,"denominator":1,"kind":0},{"dataId":1,"denominator":1,"kind":0}],"exp":0,"traits":[{"code":22,"dataId":0,"value":0.95},{"code":22,"dataId":1,"value":0.05},{"code":31,"dataId":1,"value":0}],"gold":0,"name":"","note":"","params":[100,0,10,10,10,10,10,10]},
{"id":56,"actions":[{"conditionParam1":0,"conditionParam2":0,"conditionType":0,"rating":5,"skillId":1}],"battlerHue":0,"battlerName":"","dropItems":[{"dataId":1,"denominator":1,"kind":0},{"dataId":1,"denominator":1,"kind":0},{"dataId":1,"denominator":1,"kind":0}],"exp":0,"traits":[{"code":22,"dataId":0,"value":0.95},{"code":22,"dataId":1,"value":0.05},{"code":31,"dataId":1,"value":0}],"gold":0,"name":"","note":"","params":[100,0,10,10,10,10,10,10]},
{"id":57,"actions":[{"conditionParam1":0,"conditionParam2":0,"conditionType":0,"rating":5,"skillId":1}],"battlerHue":0,"battlerName":"","dropItems":[{"dataId":1,"denominator":1,"kind":0},{"dataId":1,"denominator":1,"kind":0},{"dataId":1,"denominator":1,"kind":0}],"exp":0,"traits":[{"code":22,"dataId":0,"value":0.95},{"code":22,"dataId":1,"value":0.05},{"code":31,"dataId":1,"value":0}],"gold":0,"name":"","note":"","params":[100,0,10,10,10,10,10,10]},
{"id":58,"actions":[{"conditionParam1":0,"conditionParam2":0,"conditionType":0,"rating":5,"skillId":1}],"battlerHue":0,"battlerName":"","dropItems":[{"dataId":1,"denominator":1,"kind":0},{"dataId":1,"denominator":1,"kind":0},{"dataId":1,"denominator":1,"kind":0}],"exp":0,"traits":[{"code":22,"dataId":0,"value":0.95},{"code":22,"dataId":1,"value":0.05},{"code":31,"dataId":1,"value":0}],"gold":0,"name":"","note":"","params":[100,0,10,10,10,10,10,10]},
{"id":59,"actions":[{"conditionParam1":0,"conditionParam2":0,"conditionType":0,"rating":5,"skillId":1}],"battlerHue":0,"battlerName":"","dropItems":[{"dataId":1,"denominator":1,"kind":0},{"dataId":1,"denominator":1,"kind":0},{"dataId":1,"denominator":1,"kind":0}],"exp":0,"traits":[{"code":22,"dataId":0,"value":0.95},{"code":22,"dataId":1,"value":0.05},{"code":31,"dataId":1,"value":0}],"gold":0,"name":"","note":"","params":[100,0,10,10,10,10,10,10]},
{"id":60,"actions":[{"conditionParam1":0,"conditionParam2":0,"conditionType":0,"rating":5,"skillId":1}],"battlerHue":0,"battlerName":"","dropItems":[{"dataId":1,"denominator":1,"kind":0},{"dataId":1,"denominator":1,"kind":0},{"dataId":1,"denominator":1,"kind":0}],"exp":0,"traits":[{"code":22,"dataId":0,"value":0.95},{"code":22,"dataId":1,"value":0.05},{"code":31,"dataId":1,"value":0}],"gold":0,"name":"","note":"","params":[100,0,10,10,10,10,10,10]}
]