[
null,
{"id":1,"expanded":true,"name":"DefaultBranch","order":1,"parentId":0,"scrollX":2239.6363636363635,"scrollY":1016.7272727272727},
{"id":2,"expanded":true,"name":"TennisBranch","order":5,"parentId":0,"scrollX":2083.6363636363635,"scrollY":1134.5454545454545},
{"id":3,"expanded":true,"name":"MusicBranch","order":4,"parentId":0,"scrollX":1824,"scrollY":1599.2727272727273},
{"id":4,"expanded":true,"name":"CompanyBranch","order":6,"parentId":0,"scrollX":1495.6363636363637,"scrollY":1082.1818181818182},
{"id":5,"expanded":true,"name":"GameBranch","order":7,"parentId":0,"scrollX":2032.3636363636365,"scrollY":1381.0909090909092},
null,
null,
null,
null,
null,
{"id":11,"expanded":true,"name":"DianNormalBranch","order":3,"parentId":0,"scrollX":2269.3333333333335,"scrollY":1546.6666666666667},
{"id":12,"expanded":false,"name":"RoadMap","order":2,"parentId":0,"scrollX":2413.3333333333335,"scrollY":1765.3333333333333}
]