[
null,
{"id":1,"animationId":-1,"damage":{"critical":true,"elementId":-1,"formula":"80 * a.atk / ( b.def + 100) + 60","type":1,"variance":20},"description":"学习，正常学生必备普通攻击 增加TP","effects":[],"hitType":1,"iconIndex":76,"message1":"攻击！","message2":"","mpCost":10,"name":"学习","note":"当选择 攻击 命令时，将使用技能 #1。","occasion":1,"repeats":1,"requiredWtypeId1":0,"requiredWtypeId2":0,"scope":1,"speed":100,"stypeId":0,"successRate":100,"tpCost":0,"tpGain":10},
{"id":2,"animationId":0,"damage":{"critical":false,"elementId":0,"formula":"0","type":0,"variance":20},"description":"清包，及时整理思绪，增加防御 魔抗","effects":[{"code":21,"dataId":2,"value1":1,"value2":0}],"hitType":0,"iconIndex":81,"message1":"防护。","message2":"","mpCost":0,"name":"清包","note":"当选择 防护 命令时，将使用技能 #2。","occasion":1,"repeats":1,"requiredWtypeId1":0,"requiredWtypeId2":0,"scope":11,"speed":2000,"stypeId":0,"successRate":100,"tpCost":0,"tpGain":0},
{"id":3,"animationId":-1,"damage":{"critical":true,"elementId":-1,"formula":"2*a.atk * a.atk / ( b.def + a.atk) + 2*a.atk","type":1,"variance":20},"description":"连续上课，连击","effects":[{"code":21,"dataId":0,"value1":1,"value2":0}],"hitType":1,"iconIndex":76,"message1":"攻击！","message2":"","mpCost":0,"name":"连续上课","note":"","occasion":1,"repeats":2,"requiredWtypeId1":0,"requiredWtypeId2":0,"scope":1,"speed":200,"stypeId":2,"successRate":100,"tpCost":20,"tpGain":0},
{"id":4,"animationId":-1,"damage":{"critical":true,"elementId":-1,"formula":"a.atk * a.atk / ( b.def + a.atk) + 2*a.atk","type":1,"variance":20},"description":"选修两门课，随机攻击两个敌人","effects":[{"code":21,"dataId":0,"value1":1,"value2":0}],"hitType":1,"iconIndex":76,"message1":"攻击！","message2":"","mpCost":0,"name":"选修两门","note":"","occasion":1,"repeats":1,"requiredWtypeId1":0,"requiredWtypeId2":0,"scope":4,"speed":150,"stypeId":2,"successRate":100,"tpCost":15,"tpGain":0},
{"id":5,"animationId":-1,"damage":{"critical":true,"elementId":-1,"formula":"2*a.atk * a.atk / ( b.def + a.atk) + a.atk","type":1,"variance":30},"description":"选修两门课，随机攻击三个敌人","effects":[{"code":21,"dataId":0,"value1":1,"value2":0}],"hitType":1,"iconIndex":76,"message1":"攻击！","message2":"","mpCost":0,"name":"选修三门","note":"","occasion":1,"repeats":1,"requiredWtypeId1":0,"requiredWtypeId2":0,"scope":5,"speed":250,"stypeId":2,"successRate":100,"tpCost":25,"tpGain":0},
{"id":6,"animationId":0,"damage":{"critical":false,"elementId":0,"formula":"0","type":0,"variance":20},"description":"","effects":[{"code":41,"dataId":0,"value1":0,"value2":0}],"hitType":0,"iconIndex":82,"message1":"逃跑。","message2":"","mpCost":0,"name":"逃跑","note":"","occasion":1,"repeats":1,"requiredWtypeId1":0,"requiredWtypeId2":0,"scope":11,"speed":0,"stypeId":0,"successRate":100,"tpCost":0,"tpGain":0},
{"id":7,"animationId":0,"damage":{"critical":false,"elementId":0,"formula":"0","type":0,"variance":20},"description":"","effects":[],"hitType":0,"iconIndex":81,"message1":"等待。","message2":"","mpCost":0,"name":"等待","note":"","occasion":1,"repeats":1,"requiredWtypeId1":0,"requiredWtypeId2":0,"scope":0,"speed":0,"stypeId":0,"successRate":100,"tpCost":0,"tpGain":10},
{"id":8,"animationId":41,"damage":{"critical":false,"elementId":0,"formula":"200 + a.mat","type":3,"variance":20},"description":"休息，课间休息，回复HP","effects":[{"code":12,"dataId":0,"value1":0,"value2":80},{"code":22,"dataId":4,"value1":1,"value2":0}],"hitType":0,"iconIndex":72,"message1":"施放 %1！","message2":"","mpCost":0,"name":"休息","note":"","occasion":1,"repeats":1,"requiredWtypeId1":0,"requiredWtypeId2":0,"scope":7,"speed":2000,"stypeId":1,"successRate":100,"tpCost":0,"tpGain":0},
{"id":9,"animationId":66,"damage":{"critical":true,"elementId":2,"formula":"3*a.mat * a.mat / ( b.mdf + a.mat) + 2*a.mat+60","type":1,"variance":20},"description":"实训，锅炉房中训练，火焰攻击","effects":[],"hitType":2,"iconIndex":64,"message1":"施放 %1！","message2":"","mpCost":50,"name":"实训","note":"","occasion":1,"repeats":1,"requiredWtypeId1":0,"requiredWtypeId2":0,"scope":1,"speed":510,"stypeId":1,"successRate":100,"tpCost":0,"tpGain":0},
{"id":10,"animationId":78,"damage":{"critical":true,"elementId":4,"formula":"6*a.mat * a.mat / ( b.mdf + a.mat) + 2*a.mat","type":1,"variance":20},"description":"实验，学习电气操作，电属性伤害，攻击所有敌人","effects":[],"hitType":2,"iconIndex":66,"message1":"施放 %1！","message2":"","mpCost":70,"name":"电气实验","note":"","occasion":1,"repeats":1,"requiredWtypeId1":0,"requiredWtypeId2":0,"scope":2,"speed":710,"stypeId":1,"successRate":100,"tpCost":0,"tpGain":0},
{"id":11,"animationId":59,"damage":{"critical":false,"elementId":9,"formula":"0","type":0,"variance":0},"description":"化学实验，令对方处于中毒状态","effects":[{"code":21,"dataId":4,"value1":0.7,"value2":0}],"hitType":2,"iconIndex":1,"message1":"施放 %1！","message2":"","mpCost":20,"name":"化学实验","note":"","occasion":1,"repeats":1,"requiredWtypeId1":0,"requiredWtypeId2":0,"scope":2,"speed":220,"stypeId":1,"successRate":100,"tpCost":0,"tpGain":0},
{"id":12,"animationId":32,"damage":{"critical":true,"elementId":9,"formula":"2*a.mat * a.mat / ( b.mdf + a.mat) + a.mat","type":5,"variance":20},"description":"占座，上课挑个好位置，吸收敌人HP","effects":[],"hitType":2,"iconIndex":5,"message1":"施放 %1！","message2":"","mpCost":40,"name":"占座","note":"","occasion":1,"repeats":1,"requiredWtypeId1":0,"requiredWtypeId2":0,"scope":1,"speed":460,"stypeId":1,"successRate":100,"tpCost":0,"tpGain":0},
{"id":13,"animationId":91,"damage":{"critical":true,"elementId":7,"formula":"352 * a.mat / ( b.mdf + 100) + 60","type":1,"variance":20},"description":"实践，学以致用，大风攻击所有敌人","effects":[],"hitType":2,"iconIndex":69,"message1":"施放 %1！","message2":"","mpCost":80,"name":"实践","note":"","occasion":1,"repeats":1,"requiredWtypeId1":0,"requiredWtypeId2":0,"scope":2,"speed":820,"stypeId":1,"successRate":100,"tpCost":0,"tpGain":0},
{"id":14,"animationId":37,"damage":{"critical":true,"elementId":1,"formula":"(a.mhp - a.hp) / 3 - b.def * 2","type":1,"variance":20},"description":"刷夜，考试将近，获得极大复习动力，生命值越低威力越大","effects":[],"hitType":1,"iconIndex":185,"message1":"使用 %1！","message2":"","mpCost":0,"name":"刷夜","note":"","occasion":1,"repeats":1,"requiredWtypeId1":0,"requiredWtypeId2":0,"scope":1,"speed":170,"stypeId":2,"successRate":80,"tpCost":15,"tpGain":0},
{"id":15,"animationId":6,"damage":{"critical":false,"elementId":0,"formula":"a.mhp / 5","type":1,"variance":0},"description":"熬夜，增加学习时间，损失HP以获得强大攻击力","effects":[{"code":31,"dataId":4,"value1":3,"value2":0}],"hitType":0,"iconIndex":10,"message1":"施放 %1！","message2":"","mpCost":10,"name":"熬夜","note":"","occasion":1,"repeats":1,"requiredWtypeId1":0,"requiredWtypeId2":0,"scope":11,"speed":140,"stypeId":1,"successRate":100,"tpCost":0,"tpGain":0},
{"id":16,"animationId":7,"damage":{"critical":true,"elementId":9,"formula":"6*a.mat * a.mat / ( b.mdf + a.mat) + a.mat","type":1,"variance":20},"description":"讨论，与同学一起交流经验，高攻击力打击对方，增加对方防御三回合","effects":[{"code":31,"dataId":5,"value1":3,"value2":0}],"hitType":2,"iconIndex":99,"message1":"使用 %1！","message2":"","mpCost":50,"name":"讨论","note":"","occasion":1,"repeats":1,"requiredWtypeId1":0,"requiredWtypeId2":0,"scope":1,"speed":260,"stypeId":1,"successRate":100,"tpCost":0,"tpGain":0},
{"id":17,"animationId":35,"damage":{"critical":false,"elementId":0,"formula":"0","type":0,"variance":20},"description":"魅惑，引诱对方","effects":[{"code":21,"dataId":9,"value1":0.8,"value2":0}],"hitType":2,"iconIndex":84,"message1":"施放 %1！","message2":"","mpCost":10,"name":"魅惑","note":"","occasion":1,"repeats":1,"requiredWtypeId1":0,"requiredWtypeId2":0,"scope":1,"speed":135,"stypeId":1,"successRate":90,"tpCost":0,"tpGain":0},
{"id":18,"animationId":62,"damage":{"critical":false,"elementId":0,"formula":"0","type":0,"variance":20},"description":"书海，催眠敌人","effects":[{"code":21,"dataId":10,"value1":0.8,"value2":0}],"hitType":2,"iconIndex":8,"message1":"施放 %1！","message2":"","mpCost":10,"name":"书海","note":"","occasion":1,"repeats":1,"requiredWtypeId1":0,"requiredWtypeId2":0,"scope":1,"speed":140,"stypeId":1,"successRate":90,"tpCost":0,"tpGain":0},
{"id":19,"animationId":34,"damage":{"critical":true,"elementId":7,"formula":"4*a.mat * a.mat / ( b.mdf + a.mat) + a.mat","type":1,"variance":20},"description":"喋喋不休，令敌人混乱","effects":[{"code":21,"dataId":8,"value1":0.5,"value2":0}],"hitType":2,"iconIndex":6,"message1":"施放 %1！","message2":"","mpCost":42,"name":"喋喋不休","note":"","occasion":0,"repeats":1,"requiredWtypeId1":0,"requiredWtypeId2":0,"scope":1,"speed":520,"stypeId":1,"successRate":90,"tpCost":0,"tpGain":0},
{"id":20,"animationId":32,"damage":{"critical":true,"elementId":2,"formula":"3*a.mat * a.mat / ( b.mdf + a.mat) + a.mat","type":1,"variance":20},"description":"让对方愤怒","effects":[{"code":21,"dataId":7,"value1":1,"value2":0}],"hitType":2,"iconIndex":225,"message1":"使用 %1！","message2":"","mpCost":20,"name":"挑衅","note":"","occasion":1,"repeats":1,"requiredWtypeId1":0,"requiredWtypeId2":0,"scope":1,"speed":110,"stypeId":1,"successRate":90,"tpCost":0,"tpGain":0},
{"id":21,"animationId":37,"damage":{"critical":true,"elementId":9,"formula":"5*a.mat * a.mat / ( b.mdf + a.mat) + 2*a.mat","type":1,"variance":20},"description":"敌方不能使用魔法","effects":[{"code":21,"dataId":6,"value1":0.5,"value2":0}],"hitType":2,"iconIndex":21,"message1":"施放 %1！","message2":"","mpCost":60,"name":"恐吓","note":"","occasion":1,"repeats":1,"requiredWtypeId1":0,"requiredWtypeId2":0,"scope":1,"speed":640,"stypeId":1,"successRate":90,"tpCost":0,"tpGain":0},
{"id":22,"animationId":96,"damage":{"critical":false,"elementId":8,"formula":"2*a.mat * a.mat / ( b.mdf + a.mat) + 60","type":1,"variance":20},"description":"劳累， 降低对方命中率","effects":[{"code":21,"dataId":5,"value1":0.5,"value2":0}],"hitType":2,"iconIndex":70,"message1":"施放 %1！","message2":"","mpCost":40,"name":"劳累","note":"","occasion":1,"repeats":1,"requiredWtypeId1":0,"requiredWtypeId2":0,"scope":1,"speed":420,"stypeId":1,"successRate":90,"tpCost":0,"tpGain":0},
{"id":23,"animationId":51,"damage":{"critical":false,"elementId":0,"formula":"0","type":0,"variance":20},"description":"降低自己速度，增加防御力","effects":[{"code":21,"dataId":11,"value1":1,"value2":0}],"hitType":1,"iconIndex":67,"message1":"施放 %1！","message2":"","mpCost":5,"name":"迟缓","note":"","occasion":0,"repeats":1,"requiredWtypeId1":0,"requiredWtypeId2":0,"scope":11,"speed":2000,"stypeId":1,"successRate":100,"tpCost":0,"tpGain":0},
{"id":24,"animationId":-1,"damage":{"critical":false,"elementId":-1,"formula":"(3 - b.def / (b.luk + 10)) * b.mhp / 5","type":1,"variance":0},"description":"听课，认真听课得高分，强力双倍攻击","effects":[],"hitType":0,"iconIndex":76,"message1":"攻击！","message2":"","mpCost":0,"name":"听课","note":"","occasion":1,"repeats":2,"requiredWtypeId1":0,"requiredWtypeId2":0,"scope":1,"speed":230,"stypeId":2,"successRate":100,"tpCost":20,"tpGain":0},
{"id":25,"animationId":-1,"damage":{"critical":false,"elementId":-1,"formula":"(2 - b.def / (b.luk + 10)) * b.mhp / 4","type":1,"variance":0},"description":"预习课本，听课不愁，强力攻击","effects":[],"hitType":0,"iconIndex":76,"message1":"使用 %1！","message2":"","mpCost":0,"name":"预习","note":"","occasion":1,"repeats":1,"requiredWtypeId1":0,"requiredWtypeId2":0,"scope":1,"speed":110,"stypeId":2,"successRate":100,"tpCost":10,"tpGain":0},
{"id":26,"animationId":-1,"damage":{"critical":false,"elementId":-1,"formula":"(4 - b.def / (b.luk + 10)) * b.mhp / 3","type":1,"variance":0},"description":"复习，课后复习效率高，强力三倍攻击","effects":[],"hitType":0,"iconIndex":76,"message1":"使用 %1！","message2":"","mpCost":0,"name":"复习","note":"","occasion":1,"repeats":1,"requiredWtypeId1":0,"requiredWtypeId2":0,"scope":1,"speed":310,"stypeId":2,"successRate":100,"tpCost":30,"tpGain":0},
{"id":27,"animationId":-1,"damage":{"critical":false,"elementId":-1,"formula":"(5 - b.def / (b.luk + 10)) * b.mhp / 2","type":1,"variance":0},"description":"写作业，认真完成作业，强力四倍攻击","effects":[],"hitType":0,"iconIndex":76,"message1":"使用 %1！","message2":"","mpCost":0,"name":"写作业","note":"","occasion":1,"repeats":1,"requiredWtypeId1":0,"requiredWtypeId2":0,"scope":1,"speed":410,"stypeId":2,"successRate":100,"tpCost":35,"tpGain":0},
{"id":28,"animationId":-1,"damage":{"critical":false,"elementId":-1,"formula":"(6 - b.def / (b.luk + 10)) * b.mhp / 2","type":1,"variance":0},"description":"归纳，汇总知识点好吸收，强力五倍攻击","effects":[],"hitType":0,"iconIndex":76,"message1":"使用 %1！","message2":"","mpCost":0,"name":"归纳","note":"","occasion":1,"repeats":1,"requiredWtypeId1":0,"requiredWtypeId2":0,"scope":1,"speed":510,"stypeId":2,"successRate":100,"tpCost":47,"tpGain":0},
{"id":29,"animationId":0,"damage":{"critical":false,"elementId":0,"formula":"0","type":0,"variance":20},"description":"请假，繁忙的工作学习中抽空放松放松，增加防御","effects":[{"code":21,"dataId":12,"value1":1,"value2":0}],"hitType":0,"iconIndex":81,"message1":"防护。","message2":"","mpCost":0,"name":"请假","note":"当选择 防护 命令时，将使用技能 #2。","occasion":1,"repeats":1,"requiredWtypeId1":0,"requiredWtypeId2":0,"scope":11,"speed":2000,"stypeId":0,"successRate":100,"tpCost":0,"tpGain":0},
{"id":30,"animationId":0,"damage":{"critical":false,"elementId":0,"formula":"0","type":0,"variance":20},"description":"划水，面对压力，淡然划水，增加防御","effects":[{"code":21,"dataId":13,"value1":1,"value2":0}],"hitType":0,"iconIndex":81,"message1":"防护。","message2":"","mpCost":0,"name":"划水","note":"当选择 防护 命令时，将使用技能 #2。","occasion":1,"repeats":1,"requiredWtypeId1":0,"requiredWtypeId2":0,"scope":11,"speed":2000,"stypeId":0,"successRate":100,"tpCost":0,"tpGain":0},
{"id":31,"animationId":0,"damage":{"critical":false,"elementId":0,"formula":"0","type":0,"variance":20},"description":"摸鱼，辛苦的工作中寻找安逸，增加防御","effects":[{"code":21,"dataId":14,"value1":1,"value2":0}],"hitType":0,"iconIndex":81,"message1":"防护。","message2":"","mpCost":0,"name":"摸鱼","note":"当选择 防护 命令时，将使用技能 #2。","occasion":1,"repeats":1,"requiredWtypeId1":0,"requiredWtypeId2":0,"scope":11,"speed":2000,"stypeId":0,"successRate":100,"tpCost":0,"tpGain":0},
{"id":32,"animationId":0,"damage":{"critical":false,"elementId":0,"formula":"0","type":0,"variance":20},"description":"装病，礼貌的回绝别人的邀请，增加防御","effects":[{"code":21,"dataId":15,"value1":1,"value2":0}],"hitType":0,"iconIndex":81,"message1":"防护。","message2":"","mpCost":0,"name":"装病","note":"当选择 防护 命令时，将使用技能 #2。","occasion":1,"repeats":1,"requiredWtypeId1":0,"requiredWtypeId2":0,"scope":11,"speed":2000,"stypeId":0,"successRate":100,"tpCost":0,"tpGain":0},
{"id":33,"animationId":59,"damage":{"critical":true,"elementId":9,"formula":"2*a.mat * a.mat / ( b.mdf + a.mat) + a.mat","type":1,"variance":20},"description":"试管爆炸，令对方处于中毒状态","effects":[{"code":21,"dataId":4,"value1":0.5,"value2":0}],"hitType":2,"iconIndex":1,"message1":"施放 %1！","message2":"","mpCost":30,"name":"试管爆炸","note":"","occasion":1,"repeats":1,"requiredWtypeId1":0,"requiredWtypeId2":0,"scope":1,"speed":310,"stypeId":1,"successRate":100,"tpCost":0,"tpGain":0},
{"id":34,"animationId":82,"damage":{"critical":true,"elementId":5,"formula":"4*a.mat * a.mat / ( b.mdf + a.mat) + 2*a.mat","type":1,"variance":20},"description":"施工队断水，水属性攻击","effects":[],"hitType":2,"iconIndex":11,"message1":"施放 %1！","message2":"","mpCost":40,"name":"断水","note":"","occasion":1,"repeats":1,"requiredWtypeId1":0,"requiredWtypeId2":0,"scope":1,"speed":430,"stypeId":1,"successRate":100,"tpCost":0,"tpGain":0},
{"id":35,"animationId":66,"damage":{"critical":true,"elementId":2,"formula":"4*a.mat * a.mat / ( b.mdf + a.mat) + 2*a.mat","type":1,"variance":20},"description":"学习不灭的热情，火属性攻击","effects":[],"hitType":2,"iconIndex":64,"message1":"施放 %1！","message2":"","mpCost":40,"name":"热情","note":"","occasion":1,"repeats":1,"requiredWtypeId1":0,"requiredWtypeId2":0,"scope":1,"speed":430,"stypeId":1,"successRate":100,"tpCost":0,"tpGain":0},
{"id":36,"animationId":71,"damage":{"critical":true,"elementId":3,"formula":"4*a.mat * a.mat / ( b.mdf + a.mat) + 2*a.mat","type":1,"variance":20},"description":"寒冷也不能阻止学习，冰属性攻击","effects":[],"hitType":2,"iconIndex":65,"message1":"施放 %1！","message2":"","mpCost":40,"name":"寒窗","note":"","occasion":1,"repeats":1,"requiredWtypeId1":0,"requiredWtypeId2":0,"scope":1,"speed":430,"stypeId":1,"successRate":100,"tpCost":0,"tpGain":0},
{"id":37,"animationId":76,"damage":{"critical":true,"elementId":4,"formula":"4*a.mat * a.mat / ( b.mdf + a.mat) + 2*a.mat","type":1,"variance":20},"description":"施工队断电，电属性攻击","effects":[],"hitType":2,"iconIndex":9,"message1":"施放 %1！","message2":"","mpCost":40,"name":"断电","note":"","occasion":1,"repeats":1,"requiredWtypeId1":0,"requiredWtypeId2":0,"scope":1,"speed":430,"stypeId":1,"successRate":100,"tpCost":0,"tpGain":0},
{"id":38,"animationId":86,"damage":{"critical":true,"elementId":6,"formula":"4*a.mat * a.mat / ( b.mdf + a.mat) + 3*a.mat","type":1,"variance":20},"description":"挖掘，土属性攻击","effects":[],"hitType":2,"iconIndex":9,"message1":"施放 %1！","message2":"","mpCost":45,"name":"挖掘","note":"","occasion":1,"repeats":1,"requiredWtypeId1":0,"requiredWtypeId2":0,"scope":1,"speed":430,"stypeId":1,"successRate":100,"tpCost":0,"tpGain":0},
{"id":39,"animationId":91,"damage":{"critical":true,"elementId":7,"formula":"5*a.mat * a.mat / ( b.mdf + a.mat) + 2*a.mat","type":1,"variance":20},"description":"飞奔，风属性攻击","effects":[],"hitType":2,"iconIndex":69,"message1":"施放 %1！","message2":"","mpCost":50,"name":"飞奔","note":"","occasion":1,"repeats":1,"requiredWtypeId1":0,"requiredWtypeId2":0,"scope":1,"speed":430,"stypeId":1,"successRate":100,"tpCost":0,"tpGain":0},
{"id":40,"animationId":96,"damage":{"critical":true,"elementId":8,"formula":"5*a.mat * a.mat / ( b.mdf + a.mat) + 4*a.mat","type":1,"variance":20},"description":"光属性攻击","effects":[],"hitType":2,"iconIndex":70,"message1":"施放 %1！","message2":"","mpCost":60,"name":"激光","note":"","occasion":1,"repeats":1,"requiredWtypeId1":0,"requiredWtypeId2":0,"scope":1,"speed":430,"stypeId":1,"successRate":100,"tpCost":0,"tpGain":0}
]